keywords,_collection_id,collection_id,variable_id,preset,tipo_estabelecimento,sizing_variable_id,indicator_label,indicator_id,variant_of,indicator_type,filter,m_description,variant_label,measure_unit,indicator_path,Tipo,skip,m_description,m_year,m_link_title1,m_link_1,m_link_title2,m_link_2,Arquivo,metodology
,cem_malha_estabelecimentos_saude_rms,cem_malha_estabelecimentos_saude_v2,int_equipamentos,cem_saude_2024,HOSPITAL,,Quantidade de Equipamentos,HOSPITAL_int_equipamentos,,numerical_size,"{str_tipo_estabelecimento: ['==', 'HOSPITAL']}",,,,Saúde / 2023 / Estabelecimentos de Saúde / Hospitais / Infraestrutura,,,Quantidade de equipamentos médicos de quaisquer tipos disponíveis no hospital.,2023,CNES ,,TABWIN,,CNES TABWIN,https://raw.githubusercontent.com/cem-usp/georedus_metodologia/refs/heads/main/saude/HOSPITAL_int_equipamentos.md
,cem_malha_estabelecimentos_saude_rms,cem_malha_estabelecimentos_saude_v2,int_equipamentos_dif,cem_saude_2024,HOSPITAL,,Quantidade de Equipamentos Diferentes,HOSPITAL_int_equipamentos_dif,,numerical_size,"{str_tipo_estabelecimento: ['==', 'HOSPITAL']}",,,,Saúde / 2023 / Estabelecimentos de Saúde / Hospitais / Infraestrutura,,,Diversidade de equipamentos disponíveis no hospital. Medida que contabiliza tipos diferentes de equipamentos por unidade de saúde.,2023,,,,,CNES TABWIN,https://raw.githubusercontent.com/cem-usp/georedus_metodologia/refs/heads/main/saude/HOSPITAL_int_equipamentos_dif.md
,cem_malha_estabelecimentos_saude_rms,cem_malha_estabelecimentos_saude_v2,int_esp_dif,cem_saude_2024,HOSPITAL,,Quantidade de especializações diferentes,HOSPITAL_int_esp_dif,,numerical_size,"{str_tipo_estabelecimento: ['==', 'HOSPITAL']}",,,,Saúde / 2023 / Estabelecimentos de Saúde / Hospitais / Profissionais,,,Quantidade de especializações profissionais distintas no hospital.,2023,,,,,CNES TABWIN,https://raw.githubusercontent.com/cem-usp/georedus_metodologia/refs/heads/main/saude/HOSPITAL_int_esp_dif.md
,cem_malha_estabelecimentos_saude_rms,cem_malha_estabelecimentos_saude_v2,int_horas_sus,cem_saude_2024,HOSPITAL,,Horas SUS,HOSPITAL_int_horas_sus,,numerical_size,"{str_tipo_estabelecimento: ['==', 'HOSPITAL']}",,,,Saúde / 2023 / Estabelecimentos de Saúde / Hospitais / Profissionais,,,Total de horas dedicadas ao SUS de todos os profissionais do hospital,2023,,,,,CNES TABWIN,https://raw.githubusercontent.com/cem-usp/georedus_metodologia/refs/heads/main/saude/HOSPITAL_int_horas_sus.md
,cem_malha_estabelecimentos_saude_rms,cem_malha_estabelecimentos_saude_v2,int_medicos,cem_saude_2024,HOSPITAL,,Quantidade de Médicos,HOSPITAL_int_medicos,,numerical_size,"{str_tipo_estabelecimento: ['==', 'HOSPITAL']}",,,,Saúde / 2023 / Estabelecimentos de Saúde / Hospitais / Profissionais,,,"Quantidade de médicos atuando no hospital, independente de carga horária profissional.",2023,,,,,CNES TABWIN,https://raw.githubusercontent.com/cem-usp/georedus_metodologia/refs/heads/main/saude/HOSPITAL_int_medicos.md
,cem_malha_estabelecimentos_saude_rms,cem_malha_estabelecimentos_saude_v2,int_profs,cem_saude_2024,HOSPITAL,,Quantidade de Profissionais,HOSPITAL_int_profs,,numerical_size,"{str_tipo_estabelecimento: ['==', 'HOSPITAL']}",,,,Saúde / 2023 / Estabelecimentos de Saúde / Hospitais / Profissionais,,,"Total de profissionais, incluindo médicos, atuando no hospital.",2023,,,,,CNES TABWIN,https://raw.githubusercontent.com/cem-usp/georedus_metodologia/refs/heads/main/saude/HOSPITAL_int_profs.md
,cem_malha_estabelecimentos_saude_rms,cem_malha_estabelecimentos_saude_v2,bool_at_24h,cem_saude_2024,HOSPITAL,,Turno de Atendimento 24 horas,HOSPITAL_bool_at_24h,,boolean_categorical,"{str_tipo_estabelecimento: ['==', 'HOSPITAL']}",,,,Saúde / 2023 / Estabelecimentos de Saúde / Hospitais / Infraestrutura,,,Indica se o hospital possui atendimento 24 horas ou não.,2023,,,,,,https://raw.githubusercontent.com/cem-usp/georedus_metodologia/refs/heads/main/saude/HOSPITAL_bool_at_24h.md
,cem_malha_estabelecimentos_saude_rms,cem_malha_estabelecimentos_saude_v2,bool_inst_aa,cem_saude_2024,HOSPITAL,int_inst_aa,Instalações de Atendimento Ambulatorial,HOSPITAL_bool_inst_aa,,boolean_categorical,"{str_tipo_estabelecimento: ['==', 'HOSPITAL']}",,,,Saúde / 2023 / Estabelecimentos de Saúde / Hospitais / Instalações,,,Presença e quantidade de instalações físicas de atendimento ambulatorial no hospital.,2023,,,,,,https://raw.githubusercontent.com/cem-usp/georedus_metodologia/refs/heads/main/saude/HOSPITAL_bool_inst_aa.md
,cem_malha_estabelecimentos_saude_rms,cem_malha_estabelecimentos_saude_v2,bool_inst_cc,cem_saude_2024,HOSPITAL,int_inst_cc,Instalações de Atendimento Cirúrgico,HOSPITAL_bool_inst_cc,,boolean_categorical,"{str_tipo_estabelecimento: ['==', 'HOSPITAL']}",,,,Saúde / 2023 / Estabelecimentos de Saúde / Hospitais / Instalações,,,"Presença e quantidade de instalações físicas do tipo ""centro cirúrgico"" no hospital.",2023,,,,,,https://raw.githubusercontent.com/cem-usp/georedus_metodologia/refs/heads/main/saude/HOSPITAL_bool_inst_cc.md
,cem_malha_estabelecimentos_saude_rms,cem_malha_estabelecimentos_saude_v2,bool_inst_co,cem_saude_2024,HOSPITAL,int_inst_co,Instalações de Atendimento Obstétrico,HOSPITAL_bool_inst_co,,boolean_categorical,"{str_tipo_estabelecimento: ['==', 'HOSPITAL']}",,,,Saúde / 2023 / Estabelecimentos de Saúde / Hospitais / Instalações,,,"Presença e quantidade de instalações físicas do tipo ""centro obstétrico"" no hospital.",2023,,,,,,https://raw.githubusercontent.com/cem-usp/georedus_metodologia/refs/heads/main/saude/HOSPITAL_bool_inst_co.md
,cem_malha_estabelecimentos_saude_rms,cem_malha_estabelecimentos_saude_v2,bool_inst_ue,cem_saude_2024,HOSPITAL,int_inst_ue,Instalações de Urgência/Emergência,HOSPITAL_bool_inst_ue,,boolean_categorical,"{str_tipo_estabelecimento: ['==', 'HOSPITAL']}",,,,Saúde / 2023 / Estabelecimentos de Saúde / Hospitais / Instalações,,,Presença e quantidade de instalações físicas de emergência no hospital.,2023,,,,,,https://raw.githubusercontent.com/cem-usp/georedus_metodologia/refs/heads/main/saude/HOSPITAL_bool_inst_ue.md
,cem_malha_estabelecimentos_saude_rms,cem_malha_estabelecimentos_saude_v2,bool_inst_un,cem_saude_2024,HOSPITAL,int_inst_un,Instalações de Atendimento Neonatal,HOSPITAL_bool_inst_un,,boolean_categorical,"{str_tipo_estabelecimento: ['==', 'HOSPITAL']}",,,,Saúde / 2023 / Estabelecimentos de Saúde / Hospitais / Instalações,,,Presença e quantidade de instalações físicas de atendimento neonatal no hospital.,2023,,,,,,https://raw.githubusercontent.com/cem-usp/georedus_metodologia/refs/heads/main/saude/HOSPITAL_bool_inst_un.md
,cem_malha_estabelecimentos_saude_rms,cem_malha_estabelecimentos_saude_v2,bool_leitos,cem_saude_2024,HOSPITAL,int_leitos_sus,Leitos SUS,HOSPITAL_bool_leitos,,boolean_categorical,"{str_tipo_estabelecimento: ['==', 'HOSPITAL']}",,,,Saúde / 2023 / Estabelecimentos de Saúde / Hospitais / Infraestrutura,,,Presença e quantidade de leitos no hospital.,2023,,,,,,https://raw.githubusercontent.com/cem-usp/georedus_metodologia/refs/heads/main/saude/HOSPITAL_bool_leitos.md
,cem_malha_estabelecimentos_saude_rms,cem_malha_estabelecimentos_saude_v2,bool_inst_ah,cem_saude_2024,HOSPITAL,,Presença de instalações de Atendimento Hospitalar,HOSPITAL_bool_inst_ah,,boolean_categorical,"{str_tipo_estabelecimento: ['==', 'HOSPITAL']}",,,,Saúde / 2023 / Estabelecimentos de Saúde / Hospitais / Instalações,,,Presença de instalações de Atendimento Hospitalar no hospital.,2023,,,,,,https://raw.githubusercontent.com/cem-usp/georedus_metodologia/refs/heads/main/saude/HOSPITAL_bool_inst_ah.md
,cem_malha_estabelecimentos_saude_rms,cem_malha_estabelecimentos_saude_v2,int_leitos,cem_saude_2024,HOSPITAL,,Quantidade Leitos,HOSPITAL_int_leitos,,numerical_size,"{str_tipo_estabelecimento: ['==', 'HOSPITAL']}",,,,Saúde / 2023 / Estabelecimentos de Saúde / Hospitais / Int,,TRUE,Quantidade de leitos no hospital.,2023,,,,,,https://raw.githubusercontent.com/cem-usp/georedus_metodologia/refs/heads/main/saude/HOSPITAL_int_leitos.md
,cem_malha_estabelecimentos_saude_rms,cem_malha_estabelecimentos_saude_v2,int_leitos_dif,cem_saude_2024,HOSPITAL,,Quantidade de Leitos Diferentes,HOSPITAL_int_leitos_dif,,numerical_size,"{str_tipo_estabelecimento: ['==', 'HOSPITAL']}",,,,Saúde / 2023 / Estabelecimentos de Saúde / Hospitais / Int,,TRUE,Quantidade de leitos SUS no hospital.,2023,,,,,CNES TABWIN,https://raw.githubusercontent.com/cem-usp/georedus_metodologia/refs/heads/main/saude/HOSPITAL_int_leitos_dif.md
,cem_malha_estabelecimentos_saude_rms,cem_malha_estabelecimentos_saude_v2,int_leitos_sus,cem_saude_2024,HOSPITAL,,Quantidade de Leitos SUS,HOSPITAL_int_leitos_sus,,numerical_size,"{str_tipo_estabelecimento: ['==', 'HOSPITAL']}",,,,Saúde / 2023 / Estabelecimentos de Saúde / Hospitais / Int,,TRUE,Quantidade de leitos de tipos diferentes no hospital.,2023,,,,,CNES TABWIN,https://raw.githubusercontent.com/cem-usp/georedus_metodologia/refs/heads/main/saude/HOSPITAL_int_leitos_sus.md
,cem_malha_estabelecimentos_saude_rms,cem_malha_estabelecimentos_saude_v2,int_equipamentos,cem_saude_2024,UNIDADE BASICA DE SAUDE,,Quantidade de Equipamentos,UNIDADE_BASICA_DE_SAUDE_int_equipamentos,,numerical_size,"{str_tipo_estabelecimento: ['==', 'UNIDADE BASICA DE SAUDE']}",,,,Saúde / 2023 / Estabelecimentos de Saúde / UBS / Infraestrutura,,,Quantidade de equipamentos médicos de quaisquer tipos disponíveis na UBS.,2023,,,,,CNES TABWIN,https://raw.githubusercontent.com/cem-usp/georedus_metodologia/refs/heads/main/saude/UNIDADE_BASICA_DE_SAUDE_int_equipamentos.md
,cem_malha_estabelecimentos_saude_rms,cem_malha_estabelecimentos_saude_v2,int_equipamentos_dif,cem_saude_2024,UNIDADE BASICA DE SAUDE,,Quantidade de Equipamentos Diferentes,UNIDADE_BASICA_DE_SAUDE_int_equipamentos_dif,,numerical_size,"{str_tipo_estabelecimento: ['==', 'UNIDADE BASICA DE SAUDE']}",,,,Saúde / 2023 / Estabelecimentos de Saúde / UBS / Infraestrutura,,,Diversidade de equipamentos disponíveis no hospital. Medida que contabiliza tipos diferentes de equipamentos por UBS.,2023,,,,,CNES TABWIN,https://raw.githubusercontent.com/cem-usp/georedus_metodologia/refs/heads/main/saude/UNIDADE_BASICA_DE_SAUDE_int_equipamentos_dif.md
,cem_malha_estabelecimentos_saude_rms,cem_malha_estabelecimentos_saude_v2,int_esp_dif,cem_saude_2024,UNIDADE BASICA DE SAUDE,,Quantidade de especializações diferentes,UNIDADE_BASICA_DE_SAUDE_int_esp_dif,,numerical_size,"{str_tipo_estabelecimento: ['==', 'UNIDADE BASICA DE SAUDE']}",,,,Saúde / 2023 / Estabelecimentos de Saúde / UBS / Profissionais,,,Quantidade de especializações profissionais distintas na UBS.,2023,,,,,CNES TABWIN,https://raw.githubusercontent.com/cem-usp/georedus_metodologia/refs/heads/main/saude/UNIDADE_BASICA_DE_SAUDE_int_esp_dif.md
,cem_malha_estabelecimentos_saude_rms,cem_malha_estabelecimentos_saude_v2,int_horas_sus,cem_saude_2024,UNIDADE BASICA DE SAUDE,,Horas SUS,UNIDADE_BASICA_DE_SAUDE_int_horas_sus,,numerical_size,"{str_tipo_estabelecimento: ['==', 'UNIDADE BASICA DE SAUDE']}",,,,Saúde / 2023 / Estabelecimentos de Saúde / UBS / Profissionais,,,Total de horas dedicadas ao SUS de todos os profissionais da UBS.,2023,,,,,CNES TABWIN,https://raw.githubusercontent.com/cem-usp/georedus_metodologia/refs/heads/main/saude/UNIDADE_BASICA_DE_SAUDE_int_horas_sus.md
,cem_malha_estabelecimentos_saude_rms,cem_malha_estabelecimentos_saude_v2,int_medicos,cem_saude_2024,UNIDADE BASICA DE SAUDE,,Quantidade de Médicos,UNIDADE_BASICA_DE_SAUDE_int_medicos,,numerical_size,"{str_tipo_estabelecimento: ['==', 'UNIDADE BASICA DE SAUDE']}",,,,Saúde / 2023 / Estabelecimentos de Saúde / UBS / Profissionais,,,"Quantidade de médicos atuando na UBS, independente de carga horária profissional.",2023,,,,,CNES TABWIN,https://raw.githubusercontent.com/cem-usp/georedus_metodologia/refs/heads/main/saude/UNIDADE_BASICA_DE_SAUDE_int_medicos.md
,cem_malha_estabelecimentos_saude_rms,cem_malha_estabelecimentos_saude_v2,int_profs,cem_saude_2024,UNIDADE BASICA DE SAUDE,,Quantidade de Profissionais,UNIDADE_BASICA_DE_SAUDE_int_profs,,numerical_size,"{str_tipo_estabelecimento: ['==', 'UNIDADE BASICA DE SAUDE']}",,,,Saúde / 2023 / Estabelecimentos de Saúde / UBS / Profissionais,,,"Total de profissionais, incluindo médicos, atuando na UBS.",2023,,,,,CNES TABWIN,https://raw.githubusercontent.com/cem-usp/georedus_metodologia/refs/heads/main/saude/UNIDADE_BASICA_DE_SAUDE_int_profs.md
,cem_malha_estabelecimentos_saude_rms,cem_malha_estabelecimentos_saude_v2,bool_at_24h,cem_saude_2024,UNIDADE BASICA DE SAUDE,,Turno de Atendimento 24 horas,UNIDADE_BASICA_DE_SAUDE_bool_at_24h,,boolean_categorical,"{str_tipo_estabelecimento: ['==', 'UNIDADE BASICA DE SAUDE']}",,,,Saúde / 2023 / Estabelecimentos de Saúde / UBS / Infraestrutura,,,Indica se a UBS possui atendimento 24 horas ou não.,2023,,,,,,https://raw.githubusercontent.com/cem-usp/georedus_metodologia/refs/heads/main/saude/UNIDADE_BASICA_DE_SAUDE_bool_at_24h.md
,cem_malha_estabelecimentos_saude_rms,cem_malha_estabelecimentos_saude_v2,bool_inst_aa,cem_saude_2024,UNIDADE BASICA DE SAUDE,int_inst_aa,Instalações de Atendimento Ambulatorial,UNIDADE_BASICA_DE_SAUDE_bool_inst_aa,,boolean_categorical,"{str_tipo_estabelecimento: ['==', 'UNIDADE BASICA DE SAUDE']}",,,,Saúde / 2023 / Estabelecimentos de Saúde / UBS / Instalações,,,Presença e quantidade de instalações físicas de atendimento ambulatorial na UBS.,2023,,,,,,https://raw.githubusercontent.com/cem-usp/georedus_metodologia/refs/heads/main/saude/UNIDADE_BASICA_DE_SAUDE_bool_inst_aa.md
,cem_malha_estabelecimentos_saude_rms,cem_malha_estabelecimentos_saude_v2,bool_inst_cc,cem_saude_2024,UNIDADE BASICA DE SAUDE,int_inst_cc,Instalações de Atendimento Cirúrgico,UNIDADE_BASICA_DE_SAUDE_bool_inst_cc,,boolean_categorical,"{str_tipo_estabelecimento: ['==', 'UNIDADE BASICA DE SAUDE']}",,,,Saúde / 2023 / Estabelecimentos de Saúde / UBS / Instalações,,,"Presença e quantidade de instalações físicas do tipo ""centro cirúrgico"" na UBS.",2023,,,,,,https://raw.githubusercontent.com/cem-usp/georedus_metodologia/refs/heads/main/saude/UNIDADE_BASICA_DE_SAUDE_bool_inst_cc.md
,cem_malha_estabelecimentos_saude_rms,cem_malha_estabelecimentos_saude_v2,bool_inst_co,cem_saude_2024,UNIDADE BASICA DE SAUDE,int_inst_co,Instalações de Atendimento Obstétrico,UNIDADE_BASICA_DE_SAUDE_bool_inst_co,,boolean_categorical,"{str_tipo_estabelecimento: ['==', 'UNIDADE BASICA DE SAUDE']}",,,,Saúde / 2023 / Estabelecimentos de Saúde / UBS / Instalações,,,"Presença e quantidade de instalações físicas do tipo ""centro obstétrico"" na UBS.",2023,,,,,,https://raw.githubusercontent.com/cem-usp/georedus_metodologia/refs/heads/main/saude/UNIDADE_BASICA_DE_SAUDE_bool_inst_co.md
,cem_malha_estabelecimentos_saude_rms,cem_malha_estabelecimentos_saude_v2,bool_inst_ue,cem_saude_2024,UNIDADE BASICA DE SAUDE,int_inst_ue,Instalações de Urgência/Emergência,UNIDADE_BASICA_DE_SAUDE_bool_inst_ue,,boolean_categorical,"{str_tipo_estabelecimento: ['==', 'UNIDADE BASICA DE SAUDE']}",,,,Saúde / 2023 / Estabelecimentos de Saúde / UBS / Instalações,,,Presença e quantidade de instalações físicas de emergência na UBS.,2023,,,,,,https://raw.githubusercontent.com/cem-usp/georedus_metodologia/refs/heads/main/saude/UNIDADE_BASICA_DE_SAUDE_bool_inst_ue.md
,cem_malha_estabelecimentos_saude_rms,cem_malha_estabelecimentos_saude_v2,bool_inst_un,cem_saude_2024,UNIDADE BASICA DE SAUDE,int_inst_un,Instalações de Atendimento Neonatal,UNIDADE_BASICA_DE_SAUDE_bool_inst_un,,boolean_categorical,"{str_tipo_estabelecimento: ['==', 'UNIDADE BASICA DE SAUDE']}",,,,Saúde / 2023 / Estabelecimentos de Saúde / UBS / Instalações,,,Presença e quantidade de instalações físicas de atendimento neonatal na UBS.,2023,,,,,,https://raw.githubusercontent.com/cem-usp/georedus_metodologia/refs/heads/main/saude/UNIDADE_BASICA_DE_SAUDE_bool_inst_un.md
,cem_malha_estabelecimentos_saude_rms,cem_malha_estabelecimentos_saude_v2,bool_leitos,cem_saude_2024,UNIDADE BASICA DE SAUDE,int_leitos_sus,Leitos SUS,UNIDADE_BASICA_DE_SAUDE_bool_leitos,,boolean_categorical,"{str_tipo_estabelecimento: ['==', 'UNIDADE BASICA DE SAUDE']}",,,,Saúde / 2023 / Estabelecimentos de Saúde / UBS / Infraestrutura,,,Presença e quantidade de leitos hospital na UBS.,2023,,,,,,https://raw.githubusercontent.com/cem-usp/georedus_metodologia/refs/heads/main/saude/UNIDADE_BASICA_DE_SAUDE_bool_leitos.md
,cem_malha_estabelecimentos_saude_rms,cem_malha_estabelecimentos_saude_v2,bool_inst_ah,cem_saude_2024,UNIDADE BASICA DE SAUDE,,Presença de instalações de Atendimento Hospitalar,UNIDADE_BASICA_DE_SAUDE_bool_inst_ah,,boolean_categorical,"{str_tipo_estabelecimento: ['==', 'UNIDADE BASICA DE SAUDE']}",,,,Saúde / 2023 / Estabelecimentos de Saúde / UBS / Instalações,,,Presença de instalações de Atendimento Hospitalar na UBS.,2023,,,,,,https://raw.githubusercontent.com/cem-usp/georedus_metodologia/refs/heads/main/saude/UNIDADE_BASICA_DE_SAUDE_bool_inst_ah.md
,cem_malha_estabelecimentos_saude_rms,cem_malha_estabelecimentos_saude_v2,int_equipamentos,cem_saude_2024,AMBULATORIO E PRONTO ATENDIMENTO,,Quantidade de Equipamentos,AMBULATORIO_E_PRONTO_ATENDIMENTO_int_equipamentos,,numerical_size,"{str_tipo_estabelecimento: ['in', ['AMBULATORIO', 'PRONTO ATENDIMENTO']]}",,,,Saúde / 2023 / Estabelecimentos de Saúde / Ambulatório e Pronto Atendimento / Infraestrutura,,,Quantidade de equipamentos médicos de quaisquer tipos disponíveis na unidade ambulatorial ou pronto atendimento.,2023,,,,,CNES TABWIN,https://raw.githubusercontent.com/cem-usp/georedus_metodologia/refs/heads/main/saude/AMBULATORIO_E_PRONTO_ATENDIMENTO_int_equipamentos.md
,cem_malha_estabelecimentos_saude_rms,cem_malha_estabelecimentos_saude_v2,int_equipamentos_dif,cem_saude_2024,AMBULATORIO E PRONTO ATENDIMENTO,,Quantidade de Equipamentos Diferentes,AMBULATORIO_E_PRONTO_ATENDIMENTO_int_equipamentos_dif,,numerical_size,"{str_tipo_estabelecimento: ['in', ['AMBULATORIO', 'PRONTO ATENDIMENTO']]}",,,,Saúde / 2023 / Estabelecimentos de Saúde / Ambulatório e Pronto Atendimento / Infraestrutura,,,Diversidade de equipamentos disponíveis no hospital. Medida que contabiliza tipos diferentes de equipamentos por unidade ambulatorial ou pronto atendimento.,2023,,,,,CNES TABWIN,https://raw.githubusercontent.com/cem-usp/georedus_metodologia/refs/heads/main/saude/AMBULATORIO_E_PRONTO_ATENDIMENTO_int_equipamentos_dif.md
,cem_malha_estabelecimentos_saude_rms,cem_malha_estabelecimentos_saude_v2,int_esp_dif,cem_saude_2024,AMBULATORIO E PRONTO ATENDIMENTO,,Quantidade de especializações diferentes,AMBULATORIO_E_PRONTO_ATENDIMENTO_int_esp_dif,,numerical_size,"{str_tipo_estabelecimento: ['in', ['AMBULATORIO', 'PRONTO ATENDIMENTO']]}",,,,Saúde / 2023 / Estabelecimentos de Saúde / Ambulatório e Pronto Atendimento / Profissionais,,,Quantidade de especializações profissionais distintas na unidade ambulatorial ou pronto atendimento.,2023,,,,,CNES TABWIN,https://raw.githubusercontent.com/cem-usp/georedus_metodologia/refs/heads/main/saude/AMBULATORIO_E_PRONTO_ATENDIMENTO_int_esp_dif.md
,cem_malha_estabelecimentos_saude_rms,cem_malha_estabelecimentos_saude_v2,int_horas_sus,cem_saude_2024,AMBULATORIO E PRONTO ATENDIMENTO,,Horas SUS,AMBULATORIO_E_PRONTO_ATENDIMENTO_int_horas_sus,,numerical_size,"{str_tipo_estabelecimento: ['in', ['AMBULATORIO', 'PRONTO ATENDIMENTO']]}",,,,Saúde / 2023 / Estabelecimentos de Saúde / Ambulatório e Pronto Atendimento / Profissionais,,,Total de horas dedicadas ao SUS de todos os profissionais da unidade ambulatorial ou pronto atendimento.,2023,,,,,CNES TABWIN,https://raw.githubusercontent.com/cem-usp/georedus_metodologia/refs/heads/main/saude/AMBULATORIO_E_PRONTO_ATENDIMENTO_int_horas_sus.md
,cem_malha_estabelecimentos_saude_rms,cem_malha_estabelecimentos_saude_v2,int_medicos,cem_saude_2024,AMBULATORIO E PRONTO ATENDIMENTO,,Quantidade de Médicos,AMBULATORIO_E_PRONTO_ATENDIMENTO_int_medicos,,numerical_size,"{str_tipo_estabelecimento: ['in', ['AMBULATORIO', 'PRONTO ATENDIMENTO']]}",,,,Saúde / 2023 / Estabelecimentos de Saúde / Ambulatório e Pronto Atendimento / Profissionais,,,"Quantidade de médicos atuando na unidade ambulatorial ou pronto atendimento, independente de carga horária profissional.",2023,,,,,CNES TABWIN,https://raw.githubusercontent.com/cem-usp/georedus_metodologia/refs/heads/main/saude/AMBULATORIO_E_PRONTO_ATENDIMENTO_int_medicos.md
,cem_malha_estabelecimentos_saude_rms,cem_malha_estabelecimentos_saude_v2,int_profs,cem_saude_2024,AMBULATORIO E PRONTO ATENDIMENTO,,Quantidade de Profissionais,AMBULATORIO_E_PRONTO_ATENDIMENTO_int_profs,,numerical_size,"{str_tipo_estabelecimento: ['in', ['AMBULATORIO', 'PRONTO ATENDIMENTO']]}",,,,Saúde / 2023 / Estabelecimentos de Saúde / Ambulatório e Pronto Atendimento / Profissionais,,,"Total de profissionais, incluindo médicos, atuando na unidade ambulatorial ou pronto atendimento.",2023,,,,,CNES TABWIN,https://raw.githubusercontent.com/cem-usp/georedus_metodologia/refs/heads/main/saude/AMBULATORIO_E_PRONTO_ATENDIMENTO_int_profs.md
,cem_malha_estabelecimentos_saude_rms,cem_malha_estabelecimentos_saude_v2,bool_at_24h,cem_saude_2024,AMBULATORIO E PRONTO ATENDIMENTO,,Turno de Atendimento 24 horas,AMBULATORIO_E_PRONTO_ATENDIMENTO_bool_at_24h,,boolean_categorical,"{str_tipo_estabelecimento: ['in', ['AMBULATORIO', 'PRONTO ATENDIMENTO']]}",,,,Saúde / 2023 / Estabelecimentos de Saúde / Ambulatório e Pronto Atendimento / Infraestrutura,,,Indica se a unidade ambulatorial ou de pronto atendimento possui atendimento 24 horas ou não.,2023,,,,,,https://raw.githubusercontent.com/cem-usp/georedus_metodologia/refs/heads/main/saude/AMBULATORIO_E_PRONTO_ATENDIMENTO_bool_at_24h.md
,cem_malha_estabelecimentos_saude_rms,cem_malha_estabelecimentos_saude_v2,bool_inst_aa,cem_saude_2024,AMBULATORIO E PRONTO ATENDIMENTO,int_inst_aa,Instalações de Atendimento Ambulatorial,AMBULATORIO_E_PRONTO_ATENDIMENTO_bool_inst_aa,,boolean_categorical,"{str_tipo_estabelecimento: ['in', ['AMBULATORIO', 'PRONTO ATENDIMENTO']]}",,,,Saúde / 2023 / Estabelecimentos de Saúde / Ambulatório e Pronto Atendimento / Instalações,,,Presença e quantidade de instalações físicas de atendimento ambulatorial na unidade ambulatorial ou de pronto atendimento.,2023,,,,,,https://raw.githubusercontent.com/cem-usp/georedus_metodologia/refs/heads/main/saude/AMBULATORIO_E_PRONTO_ATENDIMENTO_bool_inst_aa.md
,cem_malha_estabelecimentos_saude_rms,cem_malha_estabelecimentos_saude_v2,bool_inst_cc,cem_saude_2024,AMBULATORIO E PRONTO ATENDIMENTO,int_inst_cc,Instalações de Atendimento Cirúrgico,AMBULATORIO_E_PRONTO_ATENDIMENTO_bool_inst_cc,,boolean_categorical,"{str_tipo_estabelecimento: ['in', ['AMBULATORIO', 'PRONTO ATENDIMENTO']]}",,,,Saúde / 2023 / Estabelecimentos de Saúde / Ambulatório e Pronto Atendimento / Instalações,,,"Presença e quantidade de instalações físicas do tipo ""centro cirúrgico"" na unidade ambulatorial ou de pronto atendimento.",2023,,,,,,https://raw.githubusercontent.com/cem-usp/georedus_metodologia/refs/heads/main/saude/AMBULATORIO_E_PRONTO_ATENDIMENTO_bool_inst_cc.md
,cem_malha_estabelecimentos_saude_rms,cem_malha_estabelecimentos_saude_v2,bool_inst_co,cem_saude_2024,AMBULATORIO E PRONTO ATENDIMENTO,int_inst_co,Instalações de Atendimento Obstétrico,AMBULATORIO_E_PRONTO_ATENDIMENTO_bool_inst_co,,boolean_categorical,"{str_tipo_estabelecimento: ['in', ['AMBULATORIO', 'PRONTO ATENDIMENTO']]}",,,,Saúde / 2023 / Estabelecimentos de Saúde / Ambulatório e Pronto Atendimento / Instalações,,,"Presença e quantidade de instalações físicas do tipo ""centro obstétrico"" na unidade ambulatorial ou de pronto atendimento.",2023,,,,,,https://raw.githubusercontent.com/cem-usp/georedus_metodologia/refs/heads/main/saude/AMBULATORIO_E_PRONTO_ATENDIMENTO_bool_inst_co.md
,cem_malha_estabelecimentos_saude_rms,cem_malha_estabelecimentos_saude_v2,bool_inst_ue,cem_saude_2024,AMBULATORIO E PRONTO ATENDIMENTO,int_inst_ue,Instalações de Urgência/Emergência,AMBULATORIO_E_PRONTO_ATENDIMENTO_bool_inst_ue,,boolean_categorical,"{str_tipo_estabelecimento: ['in', ['AMBULATORIO', 'PRONTO ATENDIMENTO']]}",,,,Saúde / 2023 / Estabelecimentos de Saúde / Ambulatório e Pronto Atendimento / Instalações,,,Presença e quantidade de instalações físicas de emergência na unidade ambulatorial ou de pronto atendimento.,2023,,,,,,https://raw.githubusercontent.com/cem-usp/georedus_metodologia/refs/heads/main/saude/AMBULATORIO_E_PRONTO_ATENDIMENTO_bool_inst_ue.md
,cem_malha_estabelecimentos_saude_rms,cem_malha_estabelecimentos_saude_v2,bool_inst_un,cem_saude_2024,AMBULATORIO E PRONTO ATENDIMENTO,int_inst_un,Instalações de Atendimento Neonatal,AMBULATORIO_E_PRONTO_ATENDIMENTO_bool_inst_un,,boolean_categorical,"{str_tipo_estabelecimento: ['in', ['AMBULATORIO', 'PRONTO ATENDIMENTO']]}",,,,Saúde / 2023 / Estabelecimentos de Saúde / Ambulatório e Pronto Atendimento / Instalações,,,Presença e quantidade de instalações físicas de atendimento neonatal na unidade ambulatorial ou de pronto atendimento.,2023,,,,,,https://raw.githubusercontent.com/cem-usp/georedus_metodologia/refs/heads/main/saude/AMBULATORIO_E_PRONTO_ATENDIMENTO_bool_inst_un.md
,cem_malha_estabelecimentos_saude_rms,cem_malha_estabelecimentos_saude_v2,bool_leitos,cem_saude_2024,AMBULATORIO E PRONTO ATENDIMENTO,int_leitos_sus,Leitos SUS,AMBULATORIO_E_PRONTO_ATENDIMENTO_bool_leitos,,boolean_categorical,"{str_tipo_estabelecimento: ['in', ['AMBULATORIO', 'PRONTO ATENDIMENTO']]}",,,,Saúde / 2023 / Estabelecimentos de Saúde / Ambulatório e Pronto Atendimento / Infraestrutura,,,Presença e quantidade de leitos hospital.,2023,,,,,,https://raw.githubusercontent.com/cem-usp/georedus_metodologia/refs/heads/main/saude/AMBULATORIO_E_PRONTO_ATENDIMENTO_bool_leitos.md
,cem_malha_estabelecimentos_saude_rms,cem_malha_estabelecimentos_saude_v2,bool_inst_ah,cem_saude_2024,AMBULATORIO E PRONTO ATENDIMENTO,,Presença de instalações de Atendimento Hospitalar,AMBULATORIO_E_PRONTO_ATENDIMENTO_bool_inst_ah,,boolean_categorical,"{str_tipo_estabelecimento: ['in', ['AMBULATORIO', 'PRONTO ATENDIMENTO']]}",,,,Saúde / 2023 / Estabelecimentos de Saúde / Ambulatório e Pronto Atendimento / Instalações,,,Presença de instalações de Atendimento Hospitalar na unidade ambulatorial ou de pronto atendimento.,2023,,,,,,https://raw.githubusercontent.com/cem-usp/georedus_metodologia/refs/heads/main/saude/AMBULATORIO_E_PRONTO_ATENDIMENTO_bool_inst_ah.md