ordering,keywords,collection_id,source_table_id,colorScheme,variable_id_BKUP,variable_id,skip,indicator_id_BKUP,indicator_id,classificationMethod,preset,year,indicator_path,Tema,Subtema,indicator_label,is_default_variable,variant_label,measure_unit,variant_path,description,metodology,metodology_BACKUP_2026_04_07
43,,ibge_malha_br_setor_censitario_2022,cem_censo_2022_populacao,schemeOranges,total_pessoas_por_km2,cn22_pop04_res_tot_kmtot_2,,total_pessoas_por_km2,cn22_pop04_res_tot_kmtot_2,quantile(5),cem_censo_2022,2022,População e domicílios / 2022 / Pessoas Residentes,População e domicílios,Pessoas Residentes,Pessoas residentes,sim,Total de residentes,Pessoas residentes por km²,Total,Quantidade de moradores,https://georedus.github.io/metadata/cem/cn22/cn22_pop04_res_tot_kmtot_2/metadata.md,https://raw.githubusercontent.com/cem-usp/georedus_metodologia/refs/heads/main/censo/2022/cn22_pop04_res_tot_kmtot_2.md
44,,ibge_malha_br_setor_censitario_2022,cem_censo_2022_populacao,schemeOranges,pop_bas_mor_cor_ama_pct,cn22_pop01_res_cor_ama_2,,total_pessoas_por_km2,cn22_pop01_res_cor_ama_2,,cem_censo_2022,2022,População e domicílios / 2022 / Pessoas Residentes / Por Cor ou Raça,População e domicílios,Pessoas Residentes / Por Cor ou Raça,Pessoas amarelas,sim,Pessoas amarelas,Porcentagem em relação ao total de pessoas residentes,Cor (ou raça),Cor ou raça é amarela,https://georedus.github.io/metadata/cem/cn22/cn22_pop01_res_cor_ama_2/metadata.md,https://raw.githubusercontent.com/cem-usp/georedus_metodologia/refs/heads/main/censo/2022/cn22_pop01_res_cor_ama_2.md
49,,ibge_malha_br_setor_censitario_2022,cem_censo_2022_populacao,schemeOranges,pop_bas_mor_cor_sex_neg_fem_pct,cn22_pop01_res_corsex_ama_f_2,,total_pessoas_por_km2,cn22_pop01_res_cor_ama_2,,cem_censo_2022,2022,População e domicílios / 2022 / Pessoas Residentes / Por Cor ou Raça,População e domicílios,Pessoas Residentes / Por Cor ou Raça,Mulheres,,Mulheres amarelas,Porcentagem em relação ao total de pessoas residentes,Cor e Sexo,"Sexo feminino, Cor ou raça é amarela",https://georedus.github.io/metadata/cem/cn22/cn22_pop01_res_cor_ama_2/metadata.md,https://raw.githubusercontent.com/cem-usp/georedus_metodologia/refs/heads/main/censo/2022/cn22_pop01_res_cor_ama_2.md
54,,ibge_malha_br_setor_censitario_2022,cem_censo_2022_populacao,schemeOranges,pop_bas_mor_cor_sex_neg_mas_pct,cn22_pop01_res_corsex_ama_m_2,,total_pessoas_por_km2,cn22_pop01_res_cor_ama_2,,cem_censo_2022,2022,População e domicílios / 2022 / Pessoas Residentes / Por Cor ou Raça,População e domicílios,Pessoas Residentes / Por Cor ou Raça,Homens,,Homens amarelos,Porcentagem em relação ao total de pessoas residentes,Cor e Sexo,"Sexo masculino, Cor ou raça é amarela",https://georedus.github.io/metadata/cem/cn22/cn22_pop01_res_cor_ama_2/metadata.md,https://raw.githubusercontent.com/cem-usp/georedus_metodologia/refs/heads/main/censo/2022/cn22_pop01_res_cor_ama_2.md
45,,ibge_malha_br_setor_censitario_2022,cem_censo_2022_populacao,schemeOranges,pop_bas_mor_cor_bra_pct,cn22_pop01_res_cor_bra_2,,total_pessoas_por_km2,cn22_pop01_res_cor_bra_2,,cem_censo_2022,2022,População e domicílios / 2022 / Pessoas Residentes / Por Cor ou Raça,População e domicílios,Pessoas Residentes / Por Cor ou Raça,Pessoas brancas,sim,Pessoas brancas,Porcentagem em relação ao total de pessoas residentes,Cor (ou raça),Cor ou raça é branca,https://georedus.github.io/metadata/cem/cn22/cn22_pop01_res_cor_bra_2/metadata.md,https://raw.githubusercontent.com/cem-usp/georedus_metodologia/refs/heads/main/censo/2022/cn22_pop01_res_cor_bra_2.md
50,,ibge_malha_br_setor_censitario_2022,cem_censo_2022_populacao,schemeOranges,pop_bas_mor_cor_sex_bra_fem_pct,cn22_pop01_res_corsex_bra_f_2,,total_pessoas_por_km2,cn22_pop01_res_cor_bra_2,,cem_censo_2022,2022,População e domicílios / 2022 / Pessoas Residentes / Por Cor ou Raça,População e domicílios,Pessoas Residentes / Por Cor ou Raça,Mulheres,,Mulheres brancas,Porcentagem em relação ao total de pessoas residentes,Cor e Sexo,"Sexo feminino, Cor ou raça é branca",https://georedus.github.io/metadata/cem/cn22/cn22_pop01_res_cor_bra_2/metadata.md,https://raw.githubusercontent.com/cem-usp/georedus_metodologia/refs/heads/main/censo/2022/cn22_pop01_res_cor_bra_2.md
55,,ibge_malha_br_setor_censitario_2022,cem_censo_2022_populacao,schemeOranges,pop_bas_mor_cor_sex_bra_mas_pct,cn22_pop01_res_corsex_bra_m_2,,total_pessoas_por_km2,cn22_pop01_res_cor_bra_2,,cem_censo_2022,2022,População e domicílios / 2022 / Pessoas Residentes / Por Cor ou Raça,População e domicílios,Pessoas Residentes / Por Cor ou Raça,Homens,,Homens brancos,Porcentagem em relação ao total de pessoas residentes,Cor e Sexo,"Sexo masculino, Cor ou raça é branca",https://georedus.github.io/metadata/cem/cn22/cn22_pop01_res_cor_bra_2/metadata.md,https://raw.githubusercontent.com/cem-usp/georedus_metodologia/refs/heads/main/censo/2022/cn22_pop01_res_cor_bra_2.md
46,,ibge_malha_br_setor_censitario_2022,cem_censo_2022_populacao,schemeOranges,pop_bas_mor_cor_ind_pct,cn22_pop01_res_cor_ind_2,,total_pessoas_por_km2,cn22_pop01_res_cor_ind_2,,cem_censo_2022,2022,População e domicílios / 2022 / Pessoas Residentes / Por Cor ou Raça,População e domicílios,Pessoas Residentes / Por Cor ou Raça,Pessoas indígenas,sim,Pessoas indígenas,Porcentagem em relação ao total de pessoas residentes,Cor (ou raça),Cor ou raça é indígena,https://georedus.github.io/metadata/cem/cn22/cn22_pop01_res_cor_ind_2/metadata.md,https://raw.githubusercontent.com/cem-usp/georedus_metodologia/refs/heads/main/censo/2022/cn22_pop01_res_cor_ind_2.md
51,,ibge_malha_br_setor_censitario_2022,cem_censo_2022_populacao,schemeOranges,pop_bas_mor_cor_sex_ama_fem_pct,cn22_pop01_res_corsex_ind_f_2,,total_pessoas_por_km2,cn22_pop01_res_cor_ind_2,,cem_censo_2022,2022,População e domicílios / 2022 / Pessoas Residentes / Por Cor ou Raça,População e domicílios,Pessoas Residentes / Por Cor ou Raça,Mulheres,,Mulheres indígenas,Porcentagem em relação ao total de pessoas residentes,Cor e Sexo,"Sexo feminino, Cor ou raça é indígena",https://georedus.github.io/metadata/cem/cn22/cn22_pop01_res_cor_ind_2/metadata.md,https://raw.githubusercontent.com/cem-usp/georedus_metodologia/refs/heads/main/censo/2022/cn22_pop01_res_cor_ind_2.md
56,,ibge_malha_br_setor_censitario_2022,cem_censo_2022_populacao,schemeOranges,pop_bas_mor_cor_sex_ama_mas_pct,cn22_pop01_res_corsex_ind_m_2,,total_pessoas_por_km2,cn22_pop01_res_cor_ind_2,,cem_censo_2022,2022,População e domicílios / 2022 / Pessoas Residentes / Por Cor ou Raça,População e domicílios,Pessoas Residentes / Por Cor ou Raça,Homens,,Homens indígenas,Porcentagem em relação ao total de pessoas residentes,Cor e Sexo,"Sexo masculino, Cor ou raça é indígena",https://georedus.github.io/metadata/cem/cn22/cn22_pop01_res_cor_ind_2/metadata.md,https://raw.githubusercontent.com/cem-usp/georedus_metodologia/refs/heads/main/censo/2022/cn22_pop01_res_cor_ind_2.md
47,,ibge_malha_br_setor_censitario_2022,cem_censo_2022_populacao,schemeOranges,pop_bas_mor_cor_neg_pct,cn22_pop01_res_cor_neg_2,,total_pessoas_por_km2,cn22_pop01_res_cor_neg_2,,cem_censo_2022,2022,População e domicílios / 2022 / Pessoas Residentes / Por Cor ou Raça,População e domicílios,Pessoas Residentes / Por Cor ou Raça,Pessoas negras,sim,Pessoas negras,Porcentagem em relação ao total de pessoas residentes,Cor (ou raça),Cor ou raça é preta ou parda,https://georedus.github.io/metadata/cem/cn22/cn22_pop01_res_cor_neg_2/metadata.md,https://raw.githubusercontent.com/cem-usp/georedus_metodologia/refs/heads/main/censo/2022/cn22_pop01_res_cor_neg_2.md
52,,ibge_malha_br_setor_censitario_2022,cem_censo_2022_populacao,schemeOranges,pop_bas_mor_cor_sex_ind_mas_pct,cn22_pop01_res_corsex_neg_f_2,,total_pessoas_por_km2,cn22_pop01_res_cor_neg_2,,cem_censo_2022,2022,População e domicílios / 2022 / Pessoas Residentes / Por Cor ou Raça,População e domicílios,Pessoas Residentes / Por Cor ou Raça,Mulheres,,Mulheres negras,Porcentagem em relação ao total de pessoas residentes,Cor e Sexo,"Sexo feminino, Cor ou raça é preta ou parda",https://georedus.github.io/metadata/cem/cn22/cn22_pop01_res_cor_neg_2/metadata.md,https://raw.githubusercontent.com/cem-usp/georedus_metodologia/refs/heads/main/censo/2022/cn22_pop01_res_cor_neg_2.md
57,,ibge_malha_br_setor_censitario_2022,cem_censo_2022_populacao,schemeOranges,pop_bas_mor_cor_sex_ind_mas_pct,cn22_pop01_res_corsex_neg_m_2,,total_pessoas_por_km2,cn22_pop01_res_cor_neg_2,,cem_censo_2022,2022,População e domicílios / 2022 / Pessoas Residentes / Por Cor ou Raça,População e domicílios,Pessoas Residentes / Por Cor ou Raça,Homens,,Homens negros,Porcentagem em relação ao total de pessoas residentes,Cor e Sexo,"Sexo masculino, Cor ou raça é preta ou parda",https://georedus.github.io/metadata/cem/cn22/cn22_pop01_res_cor_neg_2/metadata.md,https://raw.githubusercontent.com/cem-usp/georedus_metodologia/refs/heads/main/censo/2022/cn22_pop01_res_cor_neg_2.md
48,,ibge_malha_br_setor_censitario_2022,cem_censo_2022_populacao,schemeOranges,pop_bas_mor_sex_fem_pct,cn22_pop01_res_sex_f_2,,total_pessoas_por_km2,cn22_pop01_res_sex_f_2,,cem_censo_2022,2022,População e domicílios / 2022 / Pessoas Residentes / Por Sexo,População e domicílios,Pessoas Residentes / Por Sexo,Mulheres,sim,Mulheres,Porcentagem em relação ao total de pessoas residentes,Sexo,Sexo feminino,https://georedus.github.io/metadata/cem/cn22/cn22_pop01_res_sex_f_2/metadata.md,https://raw.githubusercontent.com/cem-usp/georedus_metodologia/refs/heads/main/censo/2022/cn22_pop01_res_sex_f_2.md
49,,ibge_malha_br_setor_censitario_2022,cem_censo_2022_populacao,schemeOranges,pop_bas_mor_cor_sex_neg_fem_pct,cn22_pop01_res_corsex_ama_f_2,,total_pessoas_por_km2,cn22_pop01_res_sex_f_2,,cem_censo_2022,2022,População e domicílios / 2022 / Pessoas Residentes / Por Sexo,População e domicílios,Pessoas Residentes / Por Sexo,Mulheres,,Mulheres amarelas,Porcentagem em relação ao total de pessoas residentes,Cor e Sexo,"Sexo feminino, Cor ou raça é amarela",https://georedus.github.io/metadata/cem/cn22/cn22_pop01_res_sex_f_2/metadata.md,https://raw.githubusercontent.com/cem-usp/georedus_metodologia/refs/heads/main/censo/2022/cn22_pop01_res_sex_f_2.md
50,,ibge_malha_br_setor_censitario_2022,cem_censo_2022_populacao,schemeOranges,pop_bas_mor_cor_sex_bra_fem_pct,cn22_pop01_res_corsex_bra_f_2,,total_pessoas_por_km2,cn22_pop01_res_sex_f_2,,cem_censo_2022,2022,População e domicílios / 2022 / Pessoas Residentes / Por Sexo,População e domicílios,Pessoas Residentes / Por Sexo,Mulheres,,Mulheres brancas,Porcentagem em relação ao total de pessoas residentes,Cor e Sexo,"Sexo feminino, Cor ou raça é branca",https://georedus.github.io/metadata/cem/cn22/cn22_pop01_res_sex_f_2/metadata.md,https://raw.githubusercontent.com/cem-usp/georedus_metodologia/refs/heads/main/censo/2022/cn22_pop01_res_sex_f_2.md
51,,ibge_malha_br_setor_censitario_2022,cem_censo_2022_populacao,schemeOranges,pop_bas_mor_cor_sex_ama_fem_pct,cn22_pop01_res_corsex_ind_f_2,,total_pessoas_por_km2,cn22_pop01_res_sex_f_2,,cem_censo_2022,2022,População e domicílios / 2022 / Pessoas Residentes / Por Sexo,População e domicílios,Pessoas Residentes / Por Sexo,Mulheres,,Mulheres indígenas,Porcentagem em relação ao total de pessoas residentes,Cor e Sexo,"Sexo feminino, Cor ou raça é indígena",https://georedus.github.io/metadata/cem/cn22/cn22_pop01_res_sex_f_2/metadata.md,https://raw.githubusercontent.com/cem-usp/georedus_metodologia/refs/heads/main/censo/2022/cn22_pop01_res_sex_f_2.md
52,,ibge_malha_br_setor_censitario_2022,cem_censo_2022_populacao,schemeOranges,pop_bas_mor_cor_sex_ind_mas_pct,cn22_pop01_res_corsex_neg_f_2,,total_pessoas_por_km2,cn22_pop01_res_sex_f_2,,cem_censo_2022,2022,População e domicílios / 2022 / Pessoas Residentes / Por Sexo,População e domicílios,Pessoas Residentes / Por Sexo,Mulheres,,Mulheres negras,Porcentagem em relação ao total de pessoas residentes,Cor e Sexo,"Sexo feminino, Cor ou raça é preta ou parda",https://georedus.github.io/metadata/cem/cn22/cn22_pop01_res_sex_f_2/metadata.md,https://raw.githubusercontent.com/cem-usp/georedus_metodologia/refs/heads/main/censo/2022/cn22_pop01_res_sex_f_2.md
53,,ibge_malha_br_setor_censitario_2022,cem_censo_2022_populacao,schemeOranges,pop_bas_mor_sex_mas_pct,cn22_pop01_res_sex_m_2,,total_pessoas_por_km2,cn22_pop01_res_sex_m_2,,cem_censo_2022,2022,População e domicílios / 2022 / Pessoas Residentes / Por Sexo,População e domicílios,Pessoas Residentes / Por Sexo,Homens,sim,Homens,Porcentagem em relação ao total de pessoas residentes,Sexo,Sexo masculino,https://georedus.github.io/metadata/cem/cn22/cn22_pop01_res_sex_m_2/metadata.md,https://raw.githubusercontent.com/cem-usp/georedus_metodologia/refs/heads/main/censo/2022/cn22_pop01_res_sex_m_2.md
54,,ibge_malha_br_setor_censitario_2022,cem_censo_2022_populacao,schemeOranges,pop_bas_mor_cor_sex_neg_mas_pct,cn22_pop01_res_corsex_ama_m_2,,total_pessoas_por_km2,cn22_pop01_res_sex_m_2,,cem_censo_2022,2022,População e domicílios / 2022 / Pessoas Residentes / Por Sexo,População e domicílios,Pessoas Residentes / Por Sexo,Homens,,Homens amarelos,Porcentagem em relação ao total de pessoas residentes,Cor e Sexo,"Sexo masculino, Cor ou raça é amarela",https://georedus.github.io/metadata/cem/cn22/cn22_pop01_res_sex_m_2/metadata.md,https://raw.githubusercontent.com/cem-usp/georedus_metodologia/refs/heads/main/censo/2022/cn22_pop01_res_sex_m_2.md
55,,ibge_malha_br_setor_censitario_2022,cem_censo_2022_populacao,schemeOranges,pop_bas_mor_cor_sex_bra_mas_pct,cn22_pop01_res_corsex_bra_m_2,,total_pessoas_por_km2,cn22_pop01_res_sex_m_2,,cem_censo_2022,2022,População e domicílios / 2022 / Pessoas Residentes / Por Sexo,População e domicílios,Pessoas Residentes / Por Sexo,Homens,,Homens brancos,Porcentagem em relação ao total de pessoas residentes,Cor e Sexo,"Sexo masculino, Cor ou raça é branca",https://georedus.github.io/metadata/cem/cn22/cn22_pop01_res_sex_m_2/metadata.md,https://raw.githubusercontent.com/cem-usp/georedus_metodologia/refs/heads/main/censo/2022/cn22_pop01_res_sex_m_2.md
56,,ibge_malha_br_setor_censitario_2022,cem_censo_2022_populacao,schemeOranges,pop_bas_mor_cor_sex_ama_mas_pct,cn22_pop01_res_corsex_ind_m_2,,total_pessoas_por_km2,cn22_pop01_res_sex_m_2,,cem_censo_2022,2022,População e domicílios / 2022 / Pessoas Residentes / Por Sexo,População e domicílios,Pessoas Residentes / Por Sexo,Homens,,Homens indígenas,Porcentagem em relação ao total de pessoas residentes,Cor e Sexo,"Sexo masculino, Cor ou raça é indígena",https://georedus.github.io/metadata/cem/cn22/cn22_pop01_res_sex_m_2/metadata.md,https://raw.githubusercontent.com/cem-usp/georedus_metodologia/refs/heads/main/censo/2022/cn22_pop01_res_sex_m_2.md
57,,ibge_malha_br_setor_censitario_2022,cem_censo_2022_populacao,schemeOranges,pop_bas_mor_cor_sex_ind_mas_pct,cn22_pop01_res_corsex_neg_m_2,,total_pessoas_por_km2,cn22_pop01_res_sex_m_2,,cem_censo_2022,2022,População e domicílios / 2022 / Pessoas Residentes / Por Sexo,População e domicílios,Pessoas Residentes / Por Sexo,Homens,,Homens negros,Porcentagem em relação ao total de pessoas residentes,Cor e Sexo,"Sexo masculino, Cor ou raça é preta ou parda",https://georedus.github.io/metadata/cem/cn22/cn22_pop01_res_sex_m_2/metadata.md,https://raw.githubusercontent.com/cem-usp/georedus_metodologia/refs/heads/main/censo/2022/cn22_pop01_res_sex_m_2.md
1,,ibge_malha_br_setor_censitario_2022,cem_censo_2022_populacao,schemeOranges,pop_bas_mor_tot_0_4_pct,cn22_pop03_0a4_tot_2,,pop_bas_mor_tot_0_4_pct,cn22_pop03_0a4_tot_2,,cem_censo_2022,2022,População e domicílios / 2022 / Pessoas Residentes / Por faixa etária,População e domicílios,Pessoas Residentes / Por faixa etária,Pessoas de 0 a 4 anos de idade,sim,Total de residentes,Porcentagem em relação ao total de pessoas residentes,Total,0 a 4 anos,https://georedus.github.io/metadata/cem/cn22/cn22_pop03_0a4_tot_2/metadata.md,https://raw.githubusercontent.com/cem-usp/georedus_metodologia/refs/heads/main/censo/2022/cn22_pop03_0a4_tot_2.md
2,,ibge_malha_br_setor_censitario_2022,cem_censo_2022_populacao,schemeOranges,,cn22_pop03_0a4_cor_ama_2,TRUE,pop_bas_mor_tot_0_4_pct,cn22_pop03_0a4_tot_2,,cem_censo_2022,2022,População e domicílios / 2022 / Pessoas Residentes / Por faixa etária,População e domicílios,Pessoas Residentes / Por faixa etária,Pessoas de 0 a 4 anos de idade,,Pessoas amarelas,Porcentagem em relação ao total de pessoas residentes,Cor (ou raça),"60 anos ou mais, Cor ou raça é amarela",https://georedus.github.io/metadata/cem/cn22/cn22_pop03_0a4_tot_2/metadata.md,https://raw.githubusercontent.com/cem-usp/georedus_metodologia/refs/heads/main/censo/2022/cn22_pop03_0a4_tot_2.md
3,,ibge_malha_br_setor_censitario_2022,cem_censo_2022_populacao,schemeOranges,,cn22_pop03_0a4_cor_bra_2,TRUE,pop_bas_mor_tot_0_4_pct,cn22_pop03_0a4_tot_2,,cem_censo_2022,2022,População e domicílios / 2022 / Pessoas Residentes / Por faixa etária,População e domicílios,Pessoas Residentes / Por faixa etária,Pessoas de 0 a 4 anos de idade,,Pessoas brancas,Porcentagem em relação ao total de pessoas residentes,Cor (ou raça),"60 anos ou mais, Cor ou raça é branca",https://georedus.github.io/metadata/cem/cn22/cn22_pop03_0a4_tot_2/metadata.md,https://raw.githubusercontent.com/cem-usp/georedus_metodologia/refs/heads/main/censo/2022/cn22_pop03_0a4_tot_2.md
4,,ibge_malha_br_setor_censitario_2022,cem_censo_2022_populacao,schemeOranges,,cn22_pop03_0a4_cor_ind_2,TRUE,pop_bas_mor_tot_0_4_pct,cn22_pop03_0a4_tot_2,,cem_censo_2022,2022,População e domicílios / 2022 / Pessoas Residentes / Por faixa etária,População e domicílios,Pessoas Residentes / Por faixa etária,Pessoas de 0 a 4 anos de idade,,Pessoas indígenas,Porcentagem em relação ao total de pessoas residentes,Cor (ou raça),"60 anos ou mais, Cor ou raça é indígena",https://georedus.github.io/metadata/cem/cn22/cn22_pop03_0a4_tot_2/metadata.md,https://raw.githubusercontent.com/cem-usp/georedus_metodologia/refs/heads/main/censo/2022/cn22_pop03_0a4_tot_2.md
5,,ibge_malha_br_setor_censitario_2022,cem_censo_2022_populacao,schemeOranges,,cn22_pop03_0a4_cor_neg_2,TRUE,pop_bas_mor_tot_0_4_pct,cn22_pop03_0a4_tot_2,,cem_censo_2022,2022,População e domicílios / 2022 / Pessoas Residentes / Por faixa etária,População e domicílios,Pessoas Residentes / Por faixa etária,Pessoas de 0 a 4 anos de idade,,Pessoas negras,Porcentagem em relação ao total de pessoas residentes,Cor (ou raça),"60 anos ou mais, Cor ou raça é preta ou parda",https://georedus.github.io/metadata/cem/cn22/cn22_pop03_0a4_tot_2/metadata.md,https://raw.githubusercontent.com/cem-usp/georedus_metodologia/refs/heads/main/censo/2022/cn22_pop03_0a4_tot_2.md
6,,ibge_malha_br_setor_censitario_2022,cem_censo_2022_populacao,schemeOranges,pop_bas_mor_sex_0_4_fem_pct,cn22_pop03_0a4_sex_f_2,,pop_bas_mor_tot_0_4_pct,cn22_pop03_0a4_tot_2,,cem_censo_2022,2022,População e domicílios / 2022 / Pessoas Residentes / Por faixa etária,População e domicílios,Pessoas Residentes / Por faixa etária,Pessoas de 0 a 4 anos de idade,,Mulheres,Porcentagem em relação ao total de pessoas residentes,Sexo,"Sexo feminino, 0 a 4 anos",https://georedus.github.io/metadata/cem/cn22/cn22_pop03_0a4_tot_2/metadata.md,https://raw.githubusercontent.com/cem-usp/georedus_metodologia/refs/heads/main/censo/2022/cn22_pop03_0a4_tot_2.md
7,,ibge_malha_br_setor_censitario_2022,cem_censo_2022_populacao,schemeOranges,pop_bas_mor_sex_0_4_mas_pct,cn22_pop03_0a4_sex_m_2,,pop_bas_mor_tot_0_4_pct,cn22_pop03_0a4_tot_2,,cem_censo_2022,2022,População e domicílios / 2022 / Pessoas Residentes / Por faixa etária,População e domicílios,Pessoas Residentes / Por faixa etária,Pessoas de 0 a 4 anos de idade,,Homens,Porcentagem em relação ao total de pessoas residentes,Sexo,"Sexo masculino, 0 a 4 anos",https://georedus.github.io/metadata/cem/cn22/cn22_pop03_0a4_tot_2/metadata.md,https://raw.githubusercontent.com/cem-usp/georedus_metodologia/refs/heads/main/censo/2022/cn22_pop03_0a4_tot_2.md
8,,ibge_malha_br_setor_censitario_2022,cem_censo_2022_populacao,schemeOranges,pop_bas_mor_tot_5_9_pct,cn22_pop03_5a9_tot_2,,pop_bas_mor_tot_5_9_pct,cn22_pop03_5a9_tot_2,,cem_censo_2022,2022,População e domicílios / 2022 / Pessoas Residentes / Por faixa etária,População e domicílios,Pessoas Residentes / Por faixa etária,Pessoas de 5 a 9 anos de idade,sim,Total de residentes,Porcentagem em relação ao total de pessoas residentes,Total,5 a 9 anos,https://georedus.github.io/metadata/cem/cn22/cn22_pop03_5a9_tot_2/metadata.md,https://raw.githubusercontent.com/cem-usp/georedus_metodologia/refs/heads/main/censo/2022/cn22_pop03_5a9_tot_2.md
9,,ibge_malha_br_setor_censitario_2022,cem_censo_2022_populacao,schemeOranges,,cn22_pop03_5a9_cor_ama_2,TRUE,pop_bas_mor_tot_5_9_pct,cn22_pop03_5a9_tot_2,,cem_censo_2022,2022,População e domicílios / 2022 / Pessoas Residentes / Por faixa etária,População e domicílios,Pessoas Residentes / Por faixa etária,Pessoas de 5 a 9 anos de idade,,Pessoas amarelas,Porcentagem em relação ao total de pessoas residentes,Cor (ou raça),"60 anos ou mais, Cor ou raça é amarela",https://georedus.github.io/metadata/cem/cn22/cn22_pop03_5a9_tot_2/metadata.md,https://raw.githubusercontent.com/cem-usp/georedus_metodologia/refs/heads/main/censo/2022/cn22_pop03_5a9_tot_2.md
10,,ibge_malha_br_setor_censitario_2022,cem_censo_2022_populacao,schemeOranges,,cn22_pop03_5a9_cor_bra_2,TRUE,pop_bas_mor_tot_5_9_pct,cn22_pop03_5a9_tot_2,,cem_censo_2022,2022,População e domicílios / 2022 / Pessoas Residentes / Por faixa etária,População e domicílios,Pessoas Residentes / Por faixa etária,Pessoas de 5 a 9 anos de idade,,Pessoas brancas,Porcentagem em relação ao total de pessoas residentes,Cor (ou raça),"60 anos ou mais, Cor ou raça é branca",https://georedus.github.io/metadata/cem/cn22/cn22_pop03_5a9_tot_2/metadata.md,https://raw.githubusercontent.com/cem-usp/georedus_metodologia/refs/heads/main/censo/2022/cn22_pop03_5a9_tot_2.md
11,,ibge_malha_br_setor_censitario_2022,cem_censo_2022_populacao,schemeOranges,,cn22_pop03_5a9_cor_ind_2,TRUE,pop_bas_mor_tot_5_9_pct,cn22_pop03_5a9_tot_2,,cem_censo_2022,2022,População e domicílios / 2022 / Pessoas Residentes / Por faixa etária,População e domicílios,Pessoas Residentes / Por faixa etária,Pessoas de 5 a 9 anos de idade,,Pessoas indígenas,Porcentagem em relação ao total de pessoas residentes,Cor (ou raça),"60 anos ou mais, Cor ou raça é indígena",https://georedus.github.io/metadata/cem/cn22/cn22_pop03_5a9_tot_2/metadata.md,https://raw.githubusercontent.com/cem-usp/georedus_metodologia/refs/heads/main/censo/2022/cn22_pop03_5a9_tot_2.md
12,,ibge_malha_br_setor_censitario_2022,cem_censo_2022_populacao,schemeOranges,,cn22_pop03_5a9_cor_neg_2,TRUE,pop_bas_mor_tot_5_9_pct,cn22_pop03_5a9_tot_2,,cem_censo_2022,2022,População e domicílios / 2022 / Pessoas Residentes / Por faixa etária,População e domicílios,Pessoas Residentes / Por faixa etária,Pessoas de 5 a 9 anos de idade,,Pessoas negras,Porcentagem em relação ao total de pessoas residentes,Cor (ou raça),"60 anos ou mais, Cor ou raça é preta ou parda",https://georedus.github.io/metadata/cem/cn22/cn22_pop03_5a9_tot_2/metadata.md,https://raw.githubusercontent.com/cem-usp/georedus_metodologia/refs/heads/main/censo/2022/cn22_pop03_5a9_tot_2.md
13,,ibge_malha_br_setor_censitario_2022,cem_censo_2022_populacao,schemeOranges,pop_bas_mor_sex_5_9_fem_pct,cn22_pop03_5a9_sex_f_2,,pop_bas_mor_tot_5_9_pct,cn22_pop03_5a9_tot_2,,cem_censo_2022,2022,População e domicílios / 2022 / Pessoas Residentes / Por faixa etária,População e domicílios,Pessoas Residentes / Por faixa etária,Pessoas de 5 a 9 anos de idade,,Mulheres,Porcentagem em relação ao total de pessoas residentes,Sexo,"Sexo feminino, 5 a 9 anos",https://georedus.github.io/metadata/cem/cn22/cn22_pop03_5a9_tot_2/metadata.md,https://raw.githubusercontent.com/cem-usp/georedus_metodologia/refs/heads/main/censo/2022/cn22_pop03_5a9_tot_2.md
14,,ibge_malha_br_setor_censitario_2022,cem_censo_2022_populacao,schemeOranges,pop_bas_mor_sex_5_9_mas_pct,cn22_pop03_5a9_sex_m_2,,pop_bas_mor_tot_5_9_pct,cn22_pop03_5a9_tot_2,,cem_censo_2022,2022,População e domicílios / 2022 / Pessoas Residentes / Por faixa etária,População e domicílios,Pessoas Residentes / Por faixa etária,Pessoas de 5 a 9 anos de idade,,Homens,Porcentagem em relação ao total de pessoas residentes,Sexo,"Sexo masculino, 5 a 9 anos",https://georedus.github.io/metadata/cem/cn22/cn22_pop03_5a9_tot_2/metadata.md,https://raw.githubusercontent.com/cem-usp/georedus_metodologia/refs/heads/main/censo/2022/cn22_pop03_5a9_tot_2.md
15,,ibge_malha_br_setor_censitario_2022,cem_censo_2022_populacao,schemeOranges,pop_bas_mor_tot_10_14_pct,cn22_pop03_10a14_tot_2,,pop_bas_mor_tot_10_14_pct,cn22_pop03_10a14_tot_2,,cem_censo_2022,2022,População e domicílios / 2022 / Pessoas Residentes / Por faixa etária,População e domicílios,Pessoas Residentes / Por faixa etária,Pessoas de 10 a 14 anos de idade,sim,Total de residentes,Porcentagem em relação ao total de pessoas residentes,Total,10 a 14 anos,https://georedus.github.io/metadata/cem/cn22/cn22_pop03_10a14_tot_2/metadata.md,https://raw.githubusercontent.com/cem-usp/georedus_metodologia/refs/heads/main/censo/2022/cn22_pop03_10a14_tot_2.md
16,,ibge_malha_br_setor_censitario_2022,cem_censo_2022_populacao,schemeOranges,,cn22_pop03_10a14_cor_ama_2,TRUE,pop_bas_mor_tot_10_14_pct,cn22_pop03_10a14_tot_2,,cem_censo_2022,2022,População e domicílios / 2022 / Pessoas Residentes / Por faixa etária,População e domicílios,Pessoas Residentes / Por faixa etária,Pessoas de 10 a 14 anos de idade,,Pessoas amarelas,Porcentagem em relação ao total de pessoas residentes,Cor (ou raça),"60 anos ou mais, Cor ou raça é amarela",https://georedus.github.io/metadata/cem/cn22/cn22_pop03_10a14_tot_2/metadata.md,https://raw.githubusercontent.com/cem-usp/georedus_metodologia/refs/heads/main/censo/2022/cn22_pop03_10a14_tot_2.md
17,,ibge_malha_br_setor_censitario_2022,cem_censo_2022_populacao,schemeOranges,,cn22_pop03_10a14_cor_bra_2,TRUE,pop_bas_mor_tot_10_14_pct,cn22_pop03_10a14_tot_2,,cem_censo_2022,2022,População e domicílios / 2022 / Pessoas Residentes / Por faixa etária,População e domicílios,Pessoas Residentes / Por faixa etária,Pessoas de 10 a 14 anos de idade,,Pessoas brancas,Porcentagem em relação ao total de pessoas residentes,Cor (ou raça),"60 anos ou mais, Cor ou raça é branca",https://georedus.github.io/metadata/cem/cn22/cn22_pop03_10a14_tot_2/metadata.md,https://raw.githubusercontent.com/cem-usp/georedus_metodologia/refs/heads/main/censo/2022/cn22_pop03_10a14_tot_2.md
18,,ibge_malha_br_setor_censitario_2022,cem_censo_2022_populacao,schemeOranges,,cn22_pop03_10a14_cor_ind_2,TRUE,pop_bas_mor_tot_10_14_pct,cn22_pop03_10a14_tot_2,,cem_censo_2022,2022,População e domicílios / 2022 / Pessoas Residentes / Por faixa etária,População e domicílios,Pessoas Residentes / Por faixa etária,Pessoas de 10 a 14 anos de idade,,Pessoas indígenas,Porcentagem em relação ao total de pessoas residentes,Cor (ou raça),"60 anos ou mais, Cor ou raça é indígena",https://georedus.github.io/metadata/cem/cn22/cn22_pop03_10a14_tot_2/metadata.md,https://raw.githubusercontent.com/cem-usp/georedus_metodologia/refs/heads/main/censo/2022/cn22_pop03_10a14_tot_2.md
19,,ibge_malha_br_setor_censitario_2022,cem_censo_2022_populacao,schemeOranges,,cn22_pop03_10a14_cor_neg_2,TRUE,pop_bas_mor_tot_10_14_pct,cn22_pop03_10a14_tot_2,,cem_censo_2022,2022,População e domicílios / 2022 / Pessoas Residentes / Por faixa etária,População e domicílios,Pessoas Residentes / Por faixa etária,Pessoas de 10 a 14 anos de idade,,Pessoas negras,Porcentagem em relação ao total de pessoas residentes,Cor (ou raça),"60 anos ou mais, Cor ou raça é preta ou parda",https://georedus.github.io/metadata/cem/cn22/cn22_pop03_10a14_tot_2/metadata.md,https://raw.githubusercontent.com/cem-usp/georedus_metodologia/refs/heads/main/censo/2022/cn22_pop03_10a14_tot_2.md
20,,ibge_malha_br_setor_censitario_2022,cem_censo_2022_populacao,schemeOranges,pop_bas_mor_sex_10_14_fem_pct,cn22_pop03_10a14_sex_f_2,,pop_bas_mor_tot_10_14_pct,cn22_pop03_10a14_tot_2,,cem_censo_2022,2022,População e domicílios / 2022 / Pessoas Residentes / Por faixa etária,População e domicílios,Pessoas Residentes / Por faixa etária,Pessoas de 10 a 14 anos de idade,,Mulheres,Porcentagem em relação ao total de pessoas residentes,Sexo,"Sexo feminino, 10 a 14 anos",https://georedus.github.io/metadata/cem/cn22/cn22_pop03_10a14_tot_2/metadata.md,https://raw.githubusercontent.com/cem-usp/georedus_metodologia/refs/heads/main/censo/2022/cn22_pop03_10a14_tot_2.md
21,,ibge_malha_br_setor_censitario_2022,cem_censo_2022_populacao,schemeOranges,pop_bas_mor_sex_10_14_mas_pct,cn22_pop03_10a14_sex_m_2,,pop_bas_mor_tot_10_14_pct,cn22_pop03_10a14_tot_2,,cem_censo_2022,2022,População e domicílios / 2022 / Pessoas Residentes / Por faixa etária,População e domicílios,Pessoas Residentes / Por faixa etária,Pessoas de 10 a 14 anos de idade,,Homens,Porcentagem em relação ao total de pessoas residentes,Sexo,"Sexo masculino, 10 a 14 anos",https://georedus.github.io/metadata/cem/cn22/cn22_pop03_10a14_tot_2/metadata.md,https://raw.githubusercontent.com/cem-usp/georedus_metodologia/refs/heads/main/censo/2022/cn22_pop03_10a14_tot_2.md
22,,ibge_malha_br_setor_censitario_2022,cem_censo_2022_populacao,schemeOranges,pop_bas_mor_tot_15_19_pct,cn22_pop03_15a19_tot_2,,pop_bas_mor_tot_15_19_pct,cn22_pop03_15a19_tot_2,,cem_censo_2022,2022,População e domicílios / 2022 / Pessoas Residentes / Por faixa etária,População e domicílios,Pessoas Residentes / Por faixa etária,Pessoas de 15 a 19 anos de idade,sim,Total de residentes,Porcentagem em relação ao total de pessoas residentes,Total,15 a 19 anos,https://georedus.github.io/metadata/cem/cn22/cn22_pop03_15a19_tot_2/metadata.md,https://raw.githubusercontent.com/cem-usp/georedus_metodologia/refs/heads/main/censo/2022/cn22_pop03_15a19_tot_2.md
23,,ibge_malha_br_setor_censitario_2022,cem_censo_2022_populacao,schemeOranges,,cn22_pop03_15a19_cor_ama_2,,pop_bas_mor_tot_15_19_pct,cn22_pop03_15a19_tot_2,,cem_censo_2022,2022,População e domicílios / 2022 / Pessoas Residentes / Por faixa etária,População e domicílios,Pessoas Residentes / Por faixa etária,Pessoas de 15 a 19 anos de idade,,Pessoas amarelas,Porcentagem em relação ao total de pessoas residentes,Cor (ou raça),"60 anos ou mais, Cor ou raça é amarela",https://georedus.github.io/metadata/cem/cn22/cn22_pop03_15a19_tot_2/metadata.md,https://raw.githubusercontent.com/cem-usp/georedus_metodologia/refs/heads/main/censo/2022/cn22_pop03_15a19_tot_2.md
24,,ibge_malha_br_setor_censitario_2022,cem_censo_2022_populacao,schemeOranges,,cn22_pop03_15a19_cor_bra_2,,pop_bas_mor_tot_15_19_pct,cn22_pop03_15a19_tot_2,,cem_censo_2022,2022,População e domicílios / 2022 / Pessoas Residentes / Por faixa etária,População e domicílios,Pessoas Residentes / Por faixa etária,Pessoas de 15 a 19 anos de idade,,Pessoas brancas,Porcentagem em relação ao total de pessoas residentes,Cor (ou raça),"60 anos ou mais, Cor ou raça é branca",https://georedus.github.io/metadata/cem/cn22/cn22_pop03_15a19_tot_2/metadata.md,https://raw.githubusercontent.com/cem-usp/georedus_metodologia/refs/heads/main/censo/2022/cn22_pop03_15a19_tot_2.md
25,,ibge_malha_br_setor_censitario_2022,cem_censo_2022_populacao,schemeOranges,,cn22_pop03_15a19_cor_ind_2,,pop_bas_mor_tot_15_19_pct,cn22_pop03_15a19_tot_2,,cem_censo_2022,2022,População e domicílios / 2022 / Pessoas Residentes / Por faixa etária,População e domicílios,Pessoas Residentes / Por faixa etária,Pessoas de 15 a 19 anos de idade,,Pessoas indígenas,Porcentagem em relação ao total de pessoas residentes,Cor (ou raça),"60 anos ou mais, Cor ou raça é indígena",https://georedus.github.io/metadata/cem/cn22/cn22_pop03_15a19_tot_2/metadata.md,https://raw.githubusercontent.com/cem-usp/georedus_metodologia/refs/heads/main/censo/2022/cn22_pop03_15a19_tot_2.md
26,,ibge_malha_br_setor_censitario_2022,cem_censo_2022_populacao,schemeOranges,,cn22_pop03_15a19_cor_neg_2,,pop_bas_mor_tot_15_19_pct,cn22_pop03_15a19_tot_2,,cem_censo_2022,2022,População e domicílios / 2022 / Pessoas Residentes / Por faixa etária,População e domicílios,Pessoas Residentes / Por faixa etária,Pessoas de 15 a 19 anos de idade,,Pessoas negras,Porcentagem em relação ao total de pessoas residentes,Cor (ou raça),"60 anos ou mais, Cor ou raça é preta ou parda",https://georedus.github.io/metadata/cem/cn22/cn22_pop03_15a19_tot_2/metadata.md,https://raw.githubusercontent.com/cem-usp/georedus_metodologia/refs/heads/main/censo/2022/cn22_pop03_15a19_tot_2.md
27,,ibge_malha_br_setor_censitario_2022,cem_censo_2022_populacao,schemeOranges,pop_bas_mor_sex_15_19_fem_pct,cn22_pop03_15a19_sex_f_2,,pop_bas_mor_tot_15_19_pct,cn22_pop03_15a19_tot_2,,cem_censo_2022,2022,População e domicílios / 2022 / Pessoas Residentes / Por faixa etária,População e domicílios,Pessoas Residentes / Por faixa etária,Pessoas de 15 a 19 anos de idade,,Mulheres,Porcentagem em relação ao total de pessoas residentes,Sexo,"Sexo feminino, 15 a 19 anos",https://georedus.github.io/metadata/cem/cn22/cn22_pop03_15a19_tot_2/metadata.md,https://raw.githubusercontent.com/cem-usp/georedus_metodologia/refs/heads/main/censo/2022/cn22_pop03_15a19_tot_2.md
28,,ibge_malha_br_setor_censitario_2022,cem_censo_2022_populacao,schemeOranges,pop_bas_mor_sex_15_19_mas_pct,cn22_pop03_15a19_sex_m_2,,pop_bas_mor_tot_15_19_pct,cn22_pop03_15a19_tot_2,,cem_censo_2022,2022,População e domicílios / 2022 / Pessoas Residentes / Por faixa etária,População e domicílios,Pessoas Residentes / Por faixa etária,Pessoas de 15 a 19 anos de idade,,Homens,Porcentagem em relação ao total de pessoas residentes,Sexo,"Sexo masculino, 15 a 19 anos",https://georedus.github.io/metadata/cem/cn22/cn22_pop03_15a19_tot_2/metadata.md,https://raw.githubusercontent.com/cem-usp/georedus_metodologia/refs/heads/main/censo/2022/cn22_pop03_15a19_tot_2.md
29,,ibge_malha_br_setor_censitario_2022,cem_censo_2022_populacao,schemeOranges,pop_bas_mor_tot_20_59_pct,cn22_pop03_20a59_tot_2,,pop_bas_mor_tot_20_59_pct,cn22_pop03_20a59_tot_2,,cem_censo_2022,2022,População e domicílios / 2022 / Pessoas Residentes / Por faixa etária,População e domicílios,Pessoas Residentes / Por faixa etária,Pessoas de 20 a 59 anos de idade,sim,Total de residentes,Porcentagem em relação ao total de pessoas residentes,Total,20 a 59 anos,https://georedus.github.io/metadata/cem/cn22/cn22_pop03_20a59_tot_2/metadata.md,https://raw.githubusercontent.com/cem-usp/georedus_metodologia/refs/heads/main/censo/2022/cn22_pop03_20a59_tot_2.md
30,,ibge_malha_br_setor_censitario_2022,cem_censo_2022_populacao,schemeOranges,,cn22_pop03_20a59_cor_ama_2,,pop_bas_mor_tot_20_59_pct,cn22_pop03_20a59_tot_2,,cem_censo_2022,2022,População e domicílios / 2022 / Pessoas Residentes / Por faixa etária,População e domicílios,Pessoas Residentes / Por faixa etária,Pessoas de 20 a 59 anos de idade,,Pessoas amarelas,Porcentagem em relação ao total de pessoas residentes,Cor (ou raça),"60 anos ou mais, Cor ou raça é amarela",https://georedus.github.io/metadata/cem/cn22/cn22_pop03_20a59_tot_2/metadata.md,https://raw.githubusercontent.com/cem-usp/georedus_metodologia/refs/heads/main/censo/2022/cn22_pop03_20a59_tot_2.md
31,,ibge_malha_br_setor_censitario_2022,cem_censo_2022_populacao,schemeOranges,,cn22_pop03_20a59_cor_bra_2,,pop_bas_mor_tot_20_59_pct,cn22_pop03_20a59_tot_2,,cem_censo_2022,2022,População e domicílios / 2022 / Pessoas Residentes / Por faixa etária,População e domicílios,Pessoas Residentes / Por faixa etária,Pessoas de 20 a 59 anos de idade,,Pessoas brancas,Porcentagem em relação ao total de pessoas residentes,Cor (ou raça),"60 anos ou mais, Cor ou raça é branca",https://georedus.github.io/metadata/cem/cn22/cn22_pop03_20a59_tot_2/metadata.md,https://raw.githubusercontent.com/cem-usp/georedus_metodologia/refs/heads/main/censo/2022/cn22_pop03_20a59_tot_2.md
32,,ibge_malha_br_setor_censitario_2022,cem_censo_2022_populacao,schemeOranges,,cn22_pop03_20a59_cor_ind_2,,pop_bas_mor_tot_20_59_pct,cn22_pop03_20a59_tot_2,,cem_censo_2022,2022,População e domicílios / 2022 / Pessoas Residentes / Por faixa etária,População e domicílios,Pessoas Residentes / Por faixa etária,Pessoas de 20 a 59 anos de idade,,Pessoas indígenas,Porcentagem em relação ao total de pessoas residentes,Cor (ou raça),"60 anos ou mais, Cor ou raça é indígena",https://georedus.github.io/metadata/cem/cn22/cn22_pop03_20a59_tot_2/metadata.md,https://raw.githubusercontent.com/cem-usp/georedus_metodologia/refs/heads/main/censo/2022/cn22_pop03_20a59_tot_2.md
33,,ibge_malha_br_setor_censitario_2022,cem_censo_2022_populacao,schemeOranges,,cn22_pop03_20a59_cor_neg_2,,pop_bas_mor_tot_20_59_pct,cn22_pop03_20a59_tot_2,,cem_censo_2022,2022,População e domicílios / 2022 / Pessoas Residentes / Por faixa etária,População e domicílios,Pessoas Residentes / Por faixa etária,Pessoas de 20 a 59 anos de idade,,Pessoas negras,Porcentagem em relação ao total de pessoas residentes,Cor (ou raça),"60 anos ou mais, Cor ou raça é preta ou parda",https://georedus.github.io/metadata/cem/cn22/cn22_pop03_20a59_tot_2/metadata.md,https://raw.githubusercontent.com/cem-usp/georedus_metodologia/refs/heads/main/censo/2022/cn22_pop03_20a59_tot_2.md
34,,ibge_malha_br_setor_censitario_2022,cem_censo_2022_populacao,schemeOranges,pop_bas_mor_sex_20_59_fem_pct,cn22_pop03_20a59_sex_f_2,,pop_bas_mor_tot_20_59_pct,cn22_pop03_20a59_tot_2,,cem_censo_2022,2022,População e domicílios / 2022 / Pessoas Residentes / Por faixa etária,População e domicílios,Pessoas Residentes / Por faixa etária,Pessoas de 20 a 59 anos de idade,,Mulheres,Porcentagem em relação ao total de pessoas residentes,Sexo,"Sexo feminino, 20 a 59 anos",https://georedus.github.io/metadata/cem/cn22/cn22_pop03_20a59_tot_2/metadata.md,https://raw.githubusercontent.com/cem-usp/georedus_metodologia/refs/heads/main/censo/2022/cn22_pop03_20a59_tot_2.md
35,,ibge_malha_br_setor_censitario_2022,cem_censo_2022_populacao,schemeOranges,pop_bas_mor_sex_20_59_mas_pct,cn22_pop03_20a59_sex_m_2,,pop_bas_mor_tot_20_59_pct,cn22_pop03_20a59_tot_2,,cem_censo_2022,2022,População e domicílios / 2022 / Pessoas Residentes / Por faixa etária,População e domicílios,Pessoas Residentes / Por faixa etária,Pessoas de 20 a 59 anos de idade,,Homens,Porcentagem em relação ao total de pessoas residentes,Sexo,"Sexo masculino, 20 a 59 anos",https://georedus.github.io/metadata/cem/cn22/cn22_pop03_20a59_tot_2/metadata.md,https://raw.githubusercontent.com/cem-usp/georedus_metodologia/refs/heads/main/censo/2022/cn22_pop03_20a59_tot_2.md
36,,ibge_malha_br_setor_censitario_2022,cem_censo_2022_populacao,schemeOranges,pop_bas_mor_tot_60_mais_pct,cn22_pop03_m60_tot_2,,pop_bas_mor_tot_60_mais_pct,cn22_pop03_m60_tot_2,,cem_censo_2022,2022,População e domicílios / 2022 / Pessoas Residentes / Por faixa etária,População e domicílios,Pessoas Residentes / Por faixa etária,Pessoas de 60 ou mais anos de idade,sim,Total de residentes,Porcentagem em relação ao total de pessoas residentes,Total,60 anos ou mais,https://georedus.github.io/metadata/cem/cn22/cn22_pop03_m60_tot_2/metadata.md,https://raw.githubusercontent.com/cem-usp/georedus_metodologia/refs/heads/main/censo/2022/cn22_pop03_m60_tot_2.md
37,,ibge_malha_br_setor_censitario_2022,cem_censo_2022_populacao,schemeOranges,pop_bas_mor_cor_60_mais_ama_pct,cn22_pop03_m60_cor_ama_2,,pop_bas_mor_tot_60_mais_pct,cn22_pop03_m60_tot_2,,cem_censo_2022,2022,População e domicílios / 2022 / Pessoas Residentes / Por faixa etária,População e domicílios,Pessoas Residentes / Por faixa etária,Pessoas de 60 ou mais anos de idade,,Pessoas amarelas,Porcentagem em relação ao total de pessoas residentes,Cor (ou raça),"60 anos ou mais, Cor ou raça é amarela",https://georedus.github.io/metadata/cem/cn22/cn22_pop03_m60_tot_2/metadata.md,https://raw.githubusercontent.com/cem-usp/georedus_metodologia/refs/heads/main/censo/2022/cn22_pop03_m60_tot_2.md
38,,ibge_malha_br_setor_censitario_2022,cem_censo_2022_populacao,schemeOranges,pop_bas_mor_cor_60_mais_bra_pct,cn22_pop03_m60_cor_bra_2,,pop_bas_mor_tot_60_mais_pct,cn22_pop03_m60_tot_2,,cem_censo_2022,2022,População e domicílios / 2022 / Pessoas Residentes / Por faixa etária,População e domicílios,Pessoas Residentes / Por faixa etária,Pessoas de 60 ou mais anos de idade,,Pessoas brancas,Porcentagem em relação ao total de pessoas residentes,Cor (ou raça),"60 anos ou mais, Cor ou raça é branca",https://georedus.github.io/metadata/cem/cn22/cn22_pop03_m60_tot_2/metadata.md,https://raw.githubusercontent.com/cem-usp/georedus_metodologia/refs/heads/main/censo/2022/cn22_pop03_m60_tot_2.md
39,,ibge_malha_br_setor_censitario_2022,cem_censo_2022_populacao,schemeOranges,pop_bas_mor_cor_60_mais_ind_pct,cn22_pop03_m60_cor_ind_2,,pop_bas_mor_tot_60_mais_pct,cn22_pop03_m60_tot_2,,cem_censo_2022,2022,População e domicílios / 2022 / Pessoas Residentes / Por faixa etária,População e domicílios,Pessoas Residentes / Por faixa etária,Pessoas de 60 ou mais anos de idade,,Pessoas indígenas,Porcentagem em relação ao total de pessoas residentes,Cor (ou raça),"60 anos ou mais, Cor ou raça é indígena",https://georedus.github.io/metadata/cem/cn22/cn22_pop03_m60_tot_2/metadata.md,https://raw.githubusercontent.com/cem-usp/georedus_metodologia/refs/heads/main/censo/2022/cn22_pop03_m60_tot_2.md
40,,ibge_malha_br_setor_censitario_2022,cem_censo_2022_populacao,schemeOranges,pop_bas_mor_cor_60_mais_neg_pct,cn22_pop03_m60_cor_neg_2,,pop_bas_mor_tot_60_mais_pct,cn22_pop03_m60_tot_2,,cem_censo_2022,2022,População e domicílios / 2022 / Pessoas Residentes / Por faixa etária,População e domicílios,Pessoas Residentes / Por faixa etária,Pessoas de 60 ou mais anos de idade,,Pessoas negras,Porcentagem em relação ao total de pessoas residentes,Cor (ou raça),"60 anos ou mais, Cor ou raça é preta ou parda",https://georedus.github.io/metadata/cem/cn22/cn22_pop03_m60_tot_2/metadata.md,https://raw.githubusercontent.com/cem-usp/georedus_metodologia/refs/heads/main/censo/2022/cn22_pop03_m60_tot_2.md
41,,ibge_malha_br_setor_censitario_2022,cem_censo_2022_populacao,schemeOranges,pop_bas_mor_sex_60_mais_fem_pct,cn22_pop03_m60_sex_f_2,,pop_bas_mor_tot_60_mais_pct,cn22_pop03_m60_tot_2,,cem_censo_2022,2022,População e domicílios / 2022 / Pessoas Residentes / Por faixa etária,População e domicílios,Pessoas Residentes / Por faixa etária,Pessoas de 60 ou mais anos de idade,,Mulheres,Porcentagem em relação ao total de pessoas residentes,Sexo,"Sexo feminino, 60 ou mais anos",https://georedus.github.io/metadata/cem/cn22/cn22_pop03_m60_tot_2/metadata.md,https://raw.githubusercontent.com/cem-usp/georedus_metodologia/refs/heads/main/censo/2022/cn22_pop03_m60_tot_2.md
42,,ibge_malha_br_setor_censitario_2022,cem_censo_2022_populacao,schemeOranges,pop_bas_mor_sex_60_mais_mas_pct,cn22_pop03_m60_sex_m_2,,pop_bas_mor_tot_60_mais_pct,cn22_pop03_m60_tot_2,,cem_censo_2022,2022,População e domicílios / 2022 / Pessoas Residentes / Por faixa etária,População e domicílios,Pessoas Residentes / Por faixa etária,Pessoas de 60 ou mais anos de idade,,Homens,Porcentagem em relação ao total de pessoas residentes,Sexo,"Sexo masculino, 60 ou mais anos",https://georedus.github.io/metadata/cem/cn22/cn22_pop03_m60_tot_2/metadata.md,https://raw.githubusercontent.com/cem-usp/georedus_metodologia/refs/heads/main/censo/2022/cn22_pop03_m60_tot_2.md
89,,ibge_malha_br_setor_censitario_2022,cem_censo_2022_populacao,schemeOranges,cn22_pop04_res_tot_kmdom_2,cn22_pop04_res_tot_kmdom_2,,cn22_pop04_res_tot_kmdom_2,cn22_pop04_res_tot_kmdom_2,,cem_censo_2022,2022,População e domicílios / 2022 / Densidade,População e domicílios,Densidade,Densidade Demográfica (Área Domiciliada),sim,Total de residentes,Pessoas residentes pela área domiciliada (km²),Total,Total de pessoas por km² de área domiciliada,https://georedus.github.io/metadata/cem/cn22/cn22_pop04_res_tot_kmdom_2/metadata.md,https://raw.githubusercontent.com/cem-usp/georedus_metodologia/refs/heads/main/censo/2022/cn22_pop04_res_tot_kmdom_2.md
73,,ibge_malha_br_setor_censitario_2022,cem_censo_2022_domicilios,schemeOranges,dom_bas_dom_tot_dom,cn22_dom01_ocu_tot_1,,dom_bas_dom_tot_dom,cn22_dom01_ocu_tot_1,,cem_censo_2022,2022,População e domicílios / 2022 / Domicílios,População e domicílios,Domicílios,Domicílios particulares e coletivos,sim,Total de domicílios,Número de domicílios,Total,Domicílios particulares ocupados e domicílios coletivos com morador,https://georedus.github.io/metadata/cem/cn22/cn22_dom01_ocu_tot_1/metadata.md,https://raw.githubusercontent.com/cem-usp/georedus_metodologia/refs/heads/main/censo/2022/cn22_dom01_ocu_tot_1.md
74,,ibge_malha_br_setor_censitario_2022,cem_censo_2022_domicilios,schemeOranges,dom_bas_mor_tot_dom,cn22_dom01_ocu_tot_mor_1,,dom_bas_dom_tot_dom,cn22_dom01_ocu_tot_1,,cem_censo_2022,2022,População e domicílios / 2022 / Domicílios,População e domicílios,Domicílios,Domicílios particulares e coletivos,,Total de moradores,Número de moradores,Total,"Domicílios particulares ocupados e domicílios coletivos com morador, Quantidade de moradores",https://georedus.github.io/metadata/cem/cn22/cn22_dom01_ocu_tot_1/metadata.md,https://raw.githubusercontent.com/cem-usp/georedus_metodologia/refs/heads/main/censo/2022/cn22_dom01_ocu_tot_1.md
75,,ibge_malha_br_setor_censitario_2022,cem_censo_2022_domicilios,schemeOranges,dom_bas_dom_tot_dpp_pct,cn22_dom02_dppo_tot_2,,dom_bas_dom_tot_dpp_pct,cn22_dom02_dppo_tot_2,,cem_censo_2022,2022,População e domicílios / 2022 / Domicílios / Domicílios Ocupados,População e domicílios,Domicílios / Domicílios Ocupados,Domicílios Particulares Permanentes,sim,Total de domicílios,Porcentagem em relação ao total de domicílios,Total,Domicílios Particulares Permanentes Ocupados,https://georedus.github.io/metadata/cem/cn22/cn22_dom02_dppo_tot_2/metadata.md,https://raw.githubusercontent.com/cem-usp/georedus_metodologia/refs/heads/main/censo/2022/cn22_dom02_dppo_tot_2.md
76,,ibge_malha_br_setor_censitario_2022,cem_censo_2022_domicilios,schemeOranges,dom_bas_mor_sex_dpp_fem_pct,cn22_dom02_dppo_sex_f_2,,dom_bas_dom_tot_dpp_pct,cn22_dom02_dppo_tot_2,,cem_censo_2022,2022,População e domicílios / 2022 / Domicílios / Domicílios Ocupados,População e domicílios,Domicílios / Domicílios Ocupados,Domicílios Particulares Permanentes,,Mulheres,Porcentagem em relação ao total de moradores,Sexo,"Domicílios Particulares Permanentes Ocupados, Pessoas de sexo feminino no domicílio",https://georedus.github.io/metadata/cem/cn22/cn22_dom02_dppo_tot_2/metadata.md,https://raw.githubusercontent.com/cem-usp/georedus_metodologia/refs/heads/main/censo/2022/cn22_dom02_dppo_tot_2.md
77,,ibge_malha_br_setor_censitario_2022,cem_censo_2022_domicilios,schemeOranges,dom_bas_mor_sex_dpp_mas_pct,cn22_dom02_dppo_sex_m_2,,dom_bas_dom_tot_dpp_pct,cn22_dom02_dppo_tot_2,,cem_censo_2022,2022,População e domicílios / 2022 / Domicílios / Domicílios Ocupados,População e domicílios,Domicílios / Domicílios Ocupados,Domicílios Particulares Permanentes,,Homens,Porcentagem em relação ao total de moradores,Sexo,"Domicílios Particulares Permanentes Ocupados, Pessoas de sexo masculino no domicílio",https://georedus.github.io/metadata/cem/cn22/cn22_dom02_dppo_tot_2/metadata.md,https://raw.githubusercontent.com/cem-usp/georedus_metodologia/refs/heads/main/censo/2022/cn22_dom02_dppo_tot_2.md
78,,ibge_malha_br_setor_censitario_2022,cem_censo_2022_domicilios,schemeOranges,dom_bas_mor_tot_dpp_pct,cn22_dom02_dppo_tot_mor_2,,dom_bas_dom_tot_dpp_pct,cn22_dom02_dppo_tot_2,,cem_censo_2022,2022,População e domicílios / 2022 / Domicílios / Domicílios Ocupados,População e domicílios,Domicílios / Domicílios Ocupados,Domicílios Particulares Permanentes,,Total de moradores,Porcentagem em relação ao total de moradores,Total,"Domicílios Particulares Permanentes Ocupados, Quantidade de moradores",https://georedus.github.io/metadata/cem/cn22/cn22_dom02_dppo_tot_2/metadata.md,https://raw.githubusercontent.com/cem-usp/georedus_metodologia/refs/heads/main/censo/2022/cn22_dom02_dppo_tot_2.md
79,,ibge_malha_br_setor_censitario_2022,cem_censo_2022_domicilios,schemeOranges,dom_bas_dom_tot_imp_pct,cn22_dom02_dpio_tot_2,,dom_bas_dom_tot_imp_pct,cn22_dom02_dpio_tot_2,,cem_censo_2022,2022,População e domicílios / 2022 / Domicílios / Domicílios Ocupados,População e domicílios,Domicílios / Domicílios Ocupados,Domicílios Improvisados,sim,Total de domicílios,Porcentagem em relação ao total de domicílios,Total,Domicílios Particulares Improvisados Ocupados,https://georedus.github.io/metadata/cem/cn22/cn22_dom02_dpio_tot_2/metadata.md,https://raw.githubusercontent.com/cem-usp/georedus_metodologia/refs/heads/main/censo/2022/cn22_dom02_dpio_tot_2.md
81,,ibge_malha_br_setor_censitario_2022,cem_censo_2022_domicilios,schemeOranges,dom_mor_dom_tot_apt_pct,cn22_dom03_apt_tot_2,,dom_mor_dom_tot_apt_pct,cn22_dom03_apt_tot_2,,cem_censo_2022,2022,População e domicílios / 2022 / Domicílios / Domicílios por tipos,População e domicílios,Domicílios / Domicílios por tipos,Domicílios tipo apartamento,sim,Total de domicílios,Porcentagem em relação ao total de domicílios,Total,"Domicílios Particulares Permanentes Ocupados, Tipo de espécie é apartamento",https://georedus.github.io/metadata/cem/cn22/cn22_dom03_apt_tot_2/metadata.md,https://raw.githubusercontent.com/cem-usp/georedus_metodologia/refs/heads/main/censo/2022/cn22_dom03_apt_tot_2.md
82,,ibge_malha_br_setor_censitario_2022,cem_censo_2022_domicilios,schemeOranges,dom_mor_mor_sex_apt_fem_pct,cn22_dom03_apt_sex_f_2,,dom_mor_dom_tot_apt_pct,cn22_dom03_apt_tot_2,,cem_censo_2022,2022,População e domicílios / 2022 / Domicílios / Domicílios por tipos,População e domicílios,Domicílios / Domicílios por tipos,Domicílios tipo apartamento,,Mulheres,Porcentagem em relação ao total de mulheres residentes,Sexo,"Domicílios Particulares Permanentes Ocupados, Tipo de espécie é apartamento, Pessoas de sexo feminino no domicílio",https://georedus.github.io/metadata/cem/cn22/cn22_dom03_apt_tot_2/metadata.md,https://raw.githubusercontent.com/cem-usp/georedus_metodologia/refs/heads/main/censo/2022/cn22_dom03_apt_tot_2.md
83,,ibge_malha_br_setor_censitario_2022,cem_censo_2022_domicilios,schemeOranges,dom_mor_mor_sex_apt_mas_pct,cn22_dom03_apt_sex_m_2,,dom_mor_dom_tot_apt_pct,cn22_dom03_apt_tot_2,,cem_censo_2022,2022,População e domicílios / 2022 / Domicílios / Domicílios por tipos,População e domicílios,Domicílios / Domicílios por tipos,Domicílios tipo apartamento,,Homens,Porcentagem em relação ao total de homens residentes,Sexo,"Domicílios Particulares Permanentes Ocupados, Tipo de espécie é apartamento, Pessoas de sexo masculino no domicílio",https://georedus.github.io/metadata/cem/cn22/cn22_dom03_apt_tot_2/metadata.md,https://raw.githubusercontent.com/cem-usp/georedus_metodologia/refs/heads/main/censo/2022/cn22_dom03_apt_tot_2.md
84,,ibge_malha_br_setor_censitario_2022,cem_censo_2022_domicilios,schemeOranges,dom_mor_mor_tot_apt_pct,cn22_dom03_apt_tot_mor_2,,dom_mor_dom_tot_apt_pct,cn22_dom03_apt_tot_2,,cem_censo_2022,2022,População e domicílios / 2022 / Domicílios / Domicílios por tipos,População e domicílios,Domicílios / Domicílios por tipos,Domicílios tipo apartamento,,Total de moradores,Porcentagem em relação ao total de moradores,Total,"Domicílios Particulares Permanentes Ocupados, Tipo de espécie é apartamento, Quantidade de moradores",https://georedus.github.io/metadata/cem/cn22/cn22_dom03_apt_tot_2/metadata.md,https://raw.githubusercontent.com/cem-usp/georedus_metodologia/refs/heads/main/censo/2022/cn22_dom03_apt_tot_2.md
85,,ibge_malha_br_setor_censitario_2022,cem_censo_2022_domicilios,schemeOranges,dom_mor_dom_tot_cas_pct,cn22_dom03_cas_tot_2,,dom_mor_dom_tot_cas_pct,cn22_dom03_cas_tot_2,,cem_censo_2022,2022,População e domicílios / 2022 / Domicílios / Domicílios por tipos,População e domicílios,Domicílios / Domicílios por tipos,Domicílios tipo casa,sim,Total de domicílios,Porcentagem em relação ao total de domicílios,Total,"Domicílios Particulares Permanentes Ocupados, Tipo de espécie é casa E Tipo de espécie é casa de vila ou em condomínio",https://georedus.github.io/metadata/cem/cn22/cn22_dom03_cas_tot_2/metadata.md,https://raw.githubusercontent.com/cem-usp/georedus_metodologia/refs/heads/main/censo/2022/cn22_dom03_cas_tot_2.md
86,,ibge_malha_br_setor_censitario_2022,cem_censo_2022_domicilios,schemeOranges,dom_mor_mor_sex_cas_fem_pct,cn22_dom03_cas_sex_f_2,,dom_mor_dom_tot_cas_pct,cn22_dom03_cas_tot_2,,cem_censo_2022,2022,População e domicílios / 2022 / Domicílios / Domicílios por tipos,População e domicílios,Domicílios / Domicílios por tipos,Domicílios tipo casa,,Mulheres,Porcentagem em relação ao total de mulheres residentes,Sexo,"Domicílios Particulares Permanentes Ocupados, Tipo de espécie é casa, Pessoas de sexo feminino no domicílio E Tipo de espécie é casa de vila ou em condomínio, Pessoas de sexo feminino no domicílio",https://georedus.github.io/metadata/cem/cn22/cn22_dom03_cas_tot_2/metadata.md,https://raw.githubusercontent.com/cem-usp/georedus_metodologia/refs/heads/main/censo/2022/cn22_dom03_cas_tot_2.md
87,,ibge_malha_br_setor_censitario_2022,cem_censo_2022_domicilios,schemeOranges,dom_mor_mor_sex_cas_mas_pct,cn22_dom03_cas_sex_m_2,,dom_mor_dom_tot_cas_pct,cn22_dom03_cas_tot_2,,cem_censo_2022,2022,População e domicílios / 2022 / Domicílios / Domicílios por tipos,População e domicílios,Domicílios / Domicílios por tipos,Domicílios tipo casa,,Homens,Porcentagem em relação ao total de homens residentes,Sexo,"Domicílios Particulares Permanentes Ocupados, Tipo de espécie é casa, Pessoas de sexo masculino no domicílio E Tipo de espécie é casa de vila ou em condomínio, Pessoas de sexo masculino no domicílio",https://georedus.github.io/metadata/cem/cn22/cn22_dom03_cas_tot_2/metadata.md,https://raw.githubusercontent.com/cem-usp/georedus_metodologia/refs/heads/main/censo/2022/cn22_dom03_cas_tot_2.md
88,,ibge_malha_br_setor_censitario_2022,cem_censo_2022_domicilios,schemeOranges,dom_mor_mor_tot_cas_pct,cn22_dom03_cas_tot_mor_2,,dom_mor_dom_tot_cas_pct,cn22_dom03_cas_tot_2,,cem_censo_2022,2022,População e domicílios / 2022 / Domicílios / Domicílios por tipos,População e domicílios,Domicílios / Domicílios por tipos,Domicílios tipo casa,,Total de moradores,Porcentagem em relação ao total de moradores,Total,"Domicílios Particulares Permanentes Ocupados, Tipo de espécie é casa, Quantidade de moradores E Domicílios Particulares Permanentes Ocupados, Tipo de espécie é casa de vila ou em condomínio, Quantidade de moradores",https://georedus.github.io/metadata/cem/cn22/cn22_dom03_cas_tot_2/metadata.md,https://raw.githubusercontent.com/cem-usp/georedus_metodologia/refs/heads/main/censo/2022/cn22_dom03_cas_tot_2.md
80,,ibge_malha_br_setor_censitario_2022,cem_censo_2022_domicilios,schemeOranges,dom_mor_dom_tot_6mor_pct,cn22_dom03_6mor_tot_2,,dom_mor_dom_tot_6mor_pct,cn22_dom03_6mor_tot_2,,cem_censo_2022,2022,População e domicílios / 2022 / Domicílios / Domicílios Ocupados,População e domicílios,Domicílios / Domicílios Ocupados,Domicílios com 6 ou mais moradores,sim,Total de responsáveis,Porcentagem em relação ao total de domicílios,Total,Domicílios particulares permanentes ocupados com 6 ou mais moradores,https://georedus.github.io/metadata/cem/cn22/cn22_dom03_6mor_tot_2/metadata.md,https://raw.githubusercontent.com/cem-usp/georedus_metodologia/refs/heads/main/censo/2022/cn22_dom03_6mor_tot_2.md
89,,ibge_malha_br_setor_censitario_2022,cem_censo_2022_domicilios,schemeOranges,dom_mor_mor_tot_med_mor,cn22_pop04_res_dom_med_0,,dom_mor_mor_tot_med_mor,cn22_pop04_res_dom_med_0,,cem_censo_2022,2022,População e domicílios / 2022 / Domicílios / Domicílios Ocupados,População e domicílios,Domicílios / Domicílios Ocupados,Moradores por domicílio,sim,Total de moradores,Média de moradores por domicílio,Total,Média de moradores em domicílios particulares permanentes ocupados,https://georedus.github.io/metadata/cem/cn22/cn22_pop04_res_dom_med_0/metadata.md,https://raw.githubusercontent.com/cem-usp/georedus_metodologia/refs/heads/main/censo/2022/cn22_pop04_res_dom_med_0.md
90,,ibge_malha_br_setor_censitario_2022,cem_censo_2022_infraestrutura,schemeRdPu,dom_sem_arb_pct,cn22_inf02_sarb_tot_dom_2,,dom_sem_arb_pct,cn22_inf02_sarb_tot_dom_2,,cem_censo_2022,2022,Infraestrutura e serviços urbanos / 2022 / Infraestrutura,Infraestrutura e serviços urbanos,Infraestrutura,Domicílios sem arborização,sim,Total de domicílios,Porcentagem em relação ao total de domicílios,Total,Teste,https://georedus.github.io/metadata/cem/cn22/cn22_inf02_sarb_tot_dom_2/metadata.md,https://raw.githubusercontent.com/cem-usp/georedus_metodologia/refs/heads/main/censo/2022/cn22_inf02_sarb_tot_dom_2.md
91,,ibge_malha_br_setor_censitario_2022,cem_censo_2022_infraestrutura,schemeRdPu,mor_sem_arb_pct,cn22_inf02_sarb_tot_mor_2,,dom_sem_arb_pct,cn22_inf02_sarb_tot_dom_2,,cem_censo_2022,2022,Infraestrutura e serviços urbanos / 2022 / Infraestrutura,Infraestrutura e serviços urbanos,Infraestrutura,Domicílios sem arborização,,Total de moradores,Porcentagem em relação ao total de moradores,Total,Teste,https://georedus.github.io/metadata/cem/cn22/cn22_inf02_sarb_tot_dom_2/metadata.md,https://raw.githubusercontent.com/cem-usp/georedus_metodologia/refs/heads/main/censo/2022/cn22_inf02_sarb_tot_dom_2.md
92,,ibge_malha_br_setor_censitario_2022,cem_censo_2022_infraestrutura,schemeRdPu,dom_sem_calcada_pct,cn22_inf01_scal_tot_dom_2,,dom_sem_calcada_pct,cn22_inf01_scal_tot_dom_2,,cem_censo_2022,2022,Infraestrutura e serviços urbanos / 2022 / Infraestrutura,Infraestrutura e serviços urbanos,Infraestrutura,Domicílios sem calçada,sim,Total de domicílios,Porcentagem em relação ao total de domicílios,Total,Teste,https://georedus.github.io/metadata/cem/cn22/cn22_inf01_scal_tot_dom_2/metadata.md,https://raw.githubusercontent.com/cem-usp/georedus_metodologia/refs/heads/main/censo/2022/cn22_inf01_scal_tot_dom_2.md
93,,ibge_malha_br_setor_censitario_2022,cem_censo_2022_infraestrutura,schemeRdPu,mor_sem_calcada_pct,cn22_inf01_scal_tot_mor_2,,dom_sem_calcada_pct,cn22_inf01_scal_tot_dom_2,,cem_censo_2022,2022,Infraestrutura e serviços urbanos / 2022 / Infraestrutura,Infraestrutura e serviços urbanos,Infraestrutura,Domicílios sem calçada,,Total de moradores,Porcentagem em relação ao total de moradores,Total,Teste,https://georedus.github.io/metadata/cem/cn22/cn22_inf01_scal_tot_dom_2/metadata.md,https://raw.githubusercontent.com/cem-usp/georedus_metodologia/refs/heads/main/censo/2022/cn22_inf01_scal_tot_dom_2.md
94,,ibge_malha_br_setor_censitario_2022,cem_censo_2022_infraestrutura,schemeRdPu,dom_sem_ilu_pub_pct,cn22_inf01_silu_tot_dom_2,,dom_sem_ilu_pub_pct,cn22_inf01_silu_tot_dom_2,,cem_censo_2022,2022,Infraestrutura e serviços urbanos / 2022 / Infraestrutura,Infraestrutura e serviços urbanos,Infraestrutura,Domicílios sem iluminação pública,sim,Total de domicílios,Porcentagem em relação ao total de domicílios,Total,Teste,https://georedus.github.io/metadata/cem/cn22/cn22_inf01_silu_tot_dom_2/metadata.md,https://raw.githubusercontent.com/cem-usp/georedus_metodologia/refs/heads/main/censo/2022/cn22_inf01_silu_tot_dom_2.md
95,,ibge_malha_br_setor_censitario_2022,cem_censo_2022_infraestrutura,schemeRdPu,mor_sem_ilu_pub_pct,cn22_inf01_silu_tot_mor_2,,dom_sem_ilu_pub_pct,cn22_inf01_silu_tot_dom_2,,cem_censo_2022,2022,Infraestrutura e serviços urbanos / 2022 / Infraestrutura,Infraestrutura e serviços urbanos,Infraestrutura,Domicílios sem iluminação pública,,Total de moradores,Porcentagem em relação ao total de moradores,Total,Teste,https://georedus.github.io/metadata/cem/cn22/cn22_inf01_silu_tot_dom_2/metadata.md,https://raw.githubusercontent.com/cem-usp/georedus_metodologia/refs/heads/main/censo/2022/cn22_inf01_silu_tot_dom_2.md
96,,ibge_malha_br_setor_censitario_2022,cem_censo_2022_servicos,schemeRdPu,ser_agu_dom_tot_dom_pct,cn22_ser02_sagu_tot_dom_2,,ser_agu_dom_tot_dom_pct,cn22_ser02_sagu_tot_dom_2,,cem_censo_2022,2022,Infraestrutura e serviços urbanos / 2022 / Serviços urbanos,Infraestrutura e serviços urbanos,Serviços urbanos,Domicílios sem abastecimento de água da rede geral,sim,Total de domicílios,Porcentagem em relação ao total de domicílios,Total,"Domicílios Particulares Permanentes Ocupados, Utiliza rede geral de distribuição",https://georedus.github.io/metadata/cem/cn22/cn22_ser02_sagu_tot_dom_2/metadata.md,https://raw.githubusercontent.com/cem-usp/georedus_metodologia/refs/heads/main/censo/2022/cn22_ser02_sagu_tot_dom_2.md
97,,ibge_malha_br_setor_censitario_2022,cem_censo_2022_servicos,schemeRdPu,ser_agu_mor_sex_fem_pct,cn22_ser02_sagu_sex_f_2,,ser_agu_dom_tot_dom_pct,cn22_ser02_sagu_tot_dom_2,,cem_censo_2022,2022,Infraestrutura e serviços urbanos / 2022 / Serviços urbanos,Infraestrutura e serviços urbanos,Serviços urbanos,Domicílios sem abastecimento de água da rede geral,,Mulheres,Porcentagem em relação ao total de mulheres nos domicílios,Sexo,"Domicílios Particulares Permanentes Ocupados, Utiliza rede geral de distribuição, Pessoas de sexo feminino no domicílio",https://georedus.github.io/metadata/cem/cn22/cn22_ser02_sagu_tot_dom_2/metadata.md,https://raw.githubusercontent.com/cem-usp/georedus_metodologia/refs/heads/main/censo/2022/cn22_ser02_sagu_tot_dom_2.md
98,,ibge_malha_br_setor_censitario_2022,cem_censo_2022_servicos,schemeRdPu,ser_agu_mor_sex_mas_pct,cn22_ser02_sagu_sex_m_2,,ser_agu_dom_tot_dom_pct,cn22_ser02_sagu_tot_dom_2,,cem_censo_2022,2022,Infraestrutura e serviços urbanos / 2022 / Serviços urbanos,Infraestrutura e serviços urbanos,Serviços urbanos,Domicílios sem abastecimento de água da rede geral,,Homens,Porcentagem em relação ao total de homens nos domicílios,Sexo,"Domicílios Particulares Permanentes Ocupados, Utiliza rede geral de distribuição, Pessoas de sexo masculino no domicílio",https://georedus.github.io/metadata/cem/cn22/cn22_ser02_sagu_tot_dom_2/metadata.md,https://raw.githubusercontent.com/cem-usp/georedus_metodologia/refs/heads/main/censo/2022/cn22_ser02_sagu_tot_dom_2.md
99,,ibge_malha_br_setor_censitario_2022,cem_censo_2022_servicos,schemeRdPu,ser_agu_mor_tot_dom_pct,cn22_ser02_sagu_tot_mor_2,,ser_agu_dom_tot_dom_pct,cn22_ser02_sagu_tot_dom_2,,cem_censo_2022,2022,Infraestrutura e serviços urbanos / 2022 / Serviços urbanos,Infraestrutura e serviços urbanos,Serviços urbanos,Domicílios sem abastecimento de água da rede geral,,Total de moradores,Porcentagem em relação ao total de moradores,Total,"Domicílios Particulares Permanentes Ocupados, Utiliza rede geral de distribuição, Quantidade de moradores",https://georedus.github.io/metadata/cem/cn22/cn22_ser02_sagu_tot_dom_2/metadata.md,https://raw.githubusercontent.com/cem-usp/georedus_metodologia/refs/heads/main/censo/2022/cn22_ser02_sagu_tot_dom_2.md
100,,ibge_malha_br_setor_censitario_2022,cem_censo_2022_servicos,schemeRdPu,ser_esg_dom_tot_dom_pct,cn22_ser02_sesg_tot_dom_2,,ser_esg_dom_tot_dom_pct,cn22_ser02_sesg_tot_dom_2,,cem_censo_2022,2022,Infraestrutura e serviços urbanos / 2022 / Serviços urbanos,Infraestrutura e serviços urbanos,Serviços urbanos,Domicílios sem destinação do esgoto por rede geral ou pluvial,sim,Total de domicílios,Porcentagem em relação ao total de domicílios,Total,"Domicílios Particulares Permanentes Ocupados, Destinação do esgoto do banheiro ou sanitário ou buraco para dejeções é rede geral ou pluvial",https://georedus.github.io/metadata/cem/cn22/cn22_ser02_sesg_tot_dom_2/metadata.md,https://raw.githubusercontent.com/cem-usp/georedus_metodologia/refs/heads/main/censo/2022/cn22_ser02_sesg_tot_dom_2.md
101,,ibge_malha_br_setor_censitario_2022,cem_censo_2022_servicos,schemeRdPu,ser_esg_mor_sex_fem_pct,cn22_ser02_sesg_sex_f_2,,ser_esg_dom_tot_dom_pct,cn22_ser02_sesg_tot_dom_2,,cem_censo_2022,2022,Infraestrutura e serviços urbanos / 2022 / Serviços urbanos,Infraestrutura e serviços urbanos,Serviços urbanos,Domicílios sem destinação do esgoto por rede geral ou pluvial,,Mulheres,Porcentagem em relação ao total de mulheres nos domicílios,Sexo,"Domicílios Particulares Permanentes Ocupados, Destinação do esgoto do banheiro ou sanitário ou buraco para dejeções é rede geral ou pluvial, Pessoas de sexo feminino no domicílio",https://georedus.github.io/metadata/cem/cn22/cn22_ser02_sesg_tot_dom_2/metadata.md,https://raw.githubusercontent.com/cem-usp/georedus_metodologia/refs/heads/main/censo/2022/cn22_ser02_sesg_tot_dom_2.md
102,,ibge_malha_br_setor_censitario_2022,cem_censo_2022_servicos,schemeRdPu,ser_esg_mor_tot_dom_pct,cn22_ser02_sesg_tot_mor_2,,ser_esg_dom_tot_dom_pct,cn22_ser02_sesg_tot_dom_2,,cem_censo_2022,2022,Infraestrutura e serviços urbanos / 2022 / Serviços urbanos,Infraestrutura e serviços urbanos,Serviços urbanos,Domicílios sem destinação do esgoto por rede geral ou pluvial,,Total de moradores,Porcentagem em relação ao total de moradores,Total,"Domicílios Particulares Permanentes Ocupados, Destinação do esgoto do banheiro ou sanitário ou buraco para dejeções é rede geral ou pluvial, Quantidade de moradores",https://georedus.github.io/metadata/cem/cn22/cn22_ser02_sesg_tot_dom_2/metadata.md,https://raw.githubusercontent.com/cem-usp/georedus_metodologia/refs/heads/main/censo/2022/cn22_ser02_sesg_tot_dom_2.md
103,,ibge_malha_br_setor_censitario_2022,cem_censo_2022_servicos,schemeRdPu,ser_esg_mor_sex_mas_pct,cn22_ser02_sesg_sex_m_2,,ser_esg_dom_tot_dom_pct,cn22_ser02_sesg_tot_dom_2,,cem_censo_2022,2022,Infraestrutura e serviços urbanos / 2022 / Serviços urbanos,Infraestrutura e serviços urbanos,Serviços urbanos,Domicílios sem destinação do esgoto por rede geral ou pluvial,,Homens,Porcentagem em relação ao total de homens nos domicílios,Sexo,"Domicílios Particulares Permanentes Ocupados, Destinação do esgoto inexistente, pois não tinham banheiro nem sanitário, Pessoas de sexo masculino no domicílio OU Domicílios Particulares Permanentes Ocupados, Destinação do esgoto do banheiro ou sanitário ou buraco para dejeções é rede geral ou pluvial, Pessoas de sexo masculino no domicílio",https://georedus.github.io/metadata/cem/cn22/cn22_ser02_sesg_tot_dom_2/metadata.md,https://raw.githubusercontent.com/cem-usp/georedus_metodologia/refs/heads/main/censo/2022/cn22_ser02_sesg_tot_dom_2.md
104,,ibge_malha_br_setor_censitario_2022,cem_censo_2022_servicos,schemeRdPu,ser_lix_dom_tot_dom_pct,cn22_ser01_slix_tot_dom_2,,ser_lix_dom_tot_dom_pct,cn22_ser01_slix_tot_dom_2,,cem_censo_2022,2022,Infraestrutura e serviços urbanos / 2022 / Serviços urbanos,Infraestrutura e serviços urbanos,Serviços urbanos,Domicílios sem coleta de lixo,sim,Total de domicílios,Porcentagem em relação ao total de domicílios,Total,"Domicílios Particulares Permanentes Ocupados, Lixo coletado no domicílio por serviço de limpeza E Domicílios Particulares Permanentes Ocupados, Lixo depositado em caçamba de serviço de limpeza",https://georedus.github.io/metadata/cem/cn22/cn22_ser01_slix_tot_dom_2/metadata.md,https://raw.githubusercontent.com/cem-usp/georedus_metodologia/refs/heads/main/censo/2022/cn22_ser01_slix_tot_dom_2.md
105,,ibge_malha_br_setor_censitario_2022,cem_censo_2022_servicos,schemeRdPu,ser_lix_mor_sex_fem_pct,cn22_ser01_slix_sex_f_2,,ser_lix_dom_tot_dom_pct,cn22_ser01_slix_tot_dom_2,,cem_censo_2022,2022,Infraestrutura e serviços urbanos / 2022 / Serviços urbanos,Infraestrutura e serviços urbanos,Serviços urbanos,Domicílios sem coleta de lixo,,Mulheres,Porcentagem em relação ao total de mulheres nos domicílios,Sexo,"Domicílios Particulares Permanentes Ocupados, Lixo coletado no domicílio por serviço de limpeza, Pessoas de sexo feminino no domicílio E Domicílios Particulares Permanentes Ocupados, Lixo depositado em caçamba de serviço de limpeza, Pessoas de sexo feminino no domicílio",https://georedus.github.io/metadata/cem/cn22/cn22_ser01_slix_tot_dom_2/metadata.md,https://raw.githubusercontent.com/cem-usp/georedus_metodologia/refs/heads/main/censo/2022/cn22_ser01_slix_tot_dom_2.md
106,,ibge_malha_br_setor_censitario_2022,cem_censo_2022_servicos,schemeRdPu,ser_lix_mor_sex_mas_pct,cn22_ser01_slix_sex_m_2,,ser_lix_dom_tot_dom_pct,cn22_ser01_slix_tot_dom_2,,cem_censo_2022,2022,Infraestrutura e serviços urbanos / 2022 / Serviços urbanos,Infraestrutura e serviços urbanos,Serviços urbanos,Domicílios sem coleta de lixo,,Homens,Porcentagem em relação ao total de homens nos domicílios,Sexo,"Domicílios Particulares Permanentes Ocupados, Lixo coletado no domicílio por serviço de limpeza, Pessoas de sexo masculino no domicílio E Domicílios Particulares Permanentes Ocupados, Lixo depositado em caçamba de serviço de limpeza, Pessoas de sexo masculino no domicílio",https://georedus.github.io/metadata/cem/cn22/cn22_ser01_slix_tot_dom_2/metadata.md,https://raw.githubusercontent.com/cem-usp/georedus_metodologia/refs/heads/main/censo/2022/cn22_ser01_slix_tot_dom_2.md
107,,ibge_malha_br_setor_censitario_2022,cem_censo_2022_servicos,schemeRdPu,ser_lix_mor_tot_dom_pct,cn22_ser01_slix_tot_mor_2,,ser_lix_dom_tot_dom_pct,cn22_ser01_slix_tot_dom_2,,cem_censo_2022,2022,Infraestrutura e serviços urbanos / 2022 / Serviços urbanos,Infraestrutura e serviços urbanos,Serviços urbanos,Domicílios sem coleta de lixo,,Total de moradores,Porcentagem em relação ao total de moradores,Total,"Domicílios Particulares Permanentes Ocupados, Lixo coletado no domicílio por serviço de limpeza, Quantidade de moradores E Domicílios Particulares Permanentes Ocupados, Lixo depositado em caçamba de serviço de limpeza, Quantidade de moradores",https://georedus.github.io/metadata/cem/cn22/cn22_ser01_slix_tot_dom_2/metadata.md,https://raw.githubusercontent.com/cem-usp/georedus_metodologia/refs/heads/main/censo/2022/cn22_ser01_slix_tot_dom_2.md
108,,ibge_malha_br_setor_censitario_2022,cem_censo_2022_renda,schemeRdPu,renda_responsavel,cn22_pop05_rsp_tot_0,,renda_responsavel,cn22_pop05_rsp_tot_0,salario-minimo(1212),cem_censo_2022,2022,População e domicílios / 2022 / Renda,População e domicílios,Renda,Renda das pessoas responsáveis,,Renda das pessoas responsáveis,Renda média mensal das pessoas responsáveis,Total,Valor do rendimento nominal médio mensal das pessoas responsáveis com rendimentos por domicílios particulares permanentes ocupados,https://georedus.github.io/metadata/cem/cn22/cn22_pop05_rsp_tot_0/metadata.md,
109,,ibge_malha_br_setor_censitario_2022,cem_censo_2022_populacao,schemeOranges,cn22_pop06_alf2_tot_2,cn22_pop06_alf2_tot_2,,cn22_pop06_alf2_tot_2,cn22_pop06_alf2_tot_2,,cem_censo_2022,2022,População e domicílios / 2022 / Alfabetização,População e domicílios,Alfabetização,Pessoas de 15 a 19 anos de idade,sim,Total de pessoas alfabetizadas,Porcentagem em relação ao total de pessoas residentes com idade de 15 a 19 anos,Total,15 a 19 anos,https://georedus.github.io/metadata/cem/cn22/cn22_pop06_alf2_tot_2/metadata.md,https://raw.githubusercontent.com/cem-usp/georedus_metodologia/refs/heads/main/censo/2022/cn22_pop06_alf2_tot_2.md
110,,ibge_malha_br_setor_censitario_2022,cem_censo_2022_populacao,schemeOranges,,cn22_pop06_alf2_cor_ama_2,,cn22_pop06_alf2_tot_2,cn22_pop06_alf2_tot_2,,cem_censo_2022,2022,População e domicílios / 2022 / Alfabetização,População e domicílios,Alfabetização,Pessoas de 15 a 19 anos de idade,,Pessoas amarelas,Porcentagem em relação ao total de pessoas residentes de cor ou raça amarela com idade de 15 a 19 anos,Cor (ou raça),"15 a 19 anos, Cor ou raça é amarela",https://georedus.github.io/metadata/cem/cn22/cn22_pop06_alf2_tot_2/metadata.md,https://raw.githubusercontent.com/cem-usp/georedus_metodologia/refs/heads/main/censo/2022/cn22_pop06_alf2_tot_2.md
111,,ibge_malha_br_setor_censitario_2022,cem_censo_2022_populacao,schemeOranges,,cn22_pop06_alf2_cor_bra_2,,cn22_pop06_alf2_tot_2,cn22_pop06_alf2_tot_2,,cem_censo_2022,2022,População e domicílios / 2022 / Alfabetização,População e domicílios,Alfabetização,Pessoas de 15 a 19 anos de idade,,Pessoas brancas,Porcentagem em relação ao total de pessoas residentes de cor ou raça branca com idade de 15 a 19 anos,Cor (ou raça),"15 a 19 anos, Cor ou raça é branca",https://georedus.github.io/metadata/cem/cn22/cn22_pop06_alf2_tot_2/metadata.md,https://raw.githubusercontent.com/cem-usp/georedus_metodologia/refs/heads/main/censo/2022/cn22_pop06_alf2_tot_2.md
112,,ibge_malha_br_setor_censitario_2022,cem_censo_2022_populacao,schemeOranges,,cn22_pop06_alf2_cor_ind_2,,cn22_pop06_alf2_tot_2,cn22_pop06_alf2_tot_2,,cem_censo_2022,2022,População e domicílios / 2022 / Alfabetização,População e domicílios,Alfabetização,Pessoas de 15 a 19 anos de idade,,Pessoas indígenas,Porcentagem em relação ao total de pessoas residentes de cor ou raça indígena com idade de 15 a 19 anos,Cor (ou raça),"15 a 19 anos, Cor ou raça é indígena",https://georedus.github.io/metadata/cem/cn22/cn22_pop06_alf2_tot_2/metadata.md,https://raw.githubusercontent.com/cem-usp/georedus_metodologia/refs/heads/main/censo/2022/cn22_pop06_alf2_tot_2.md
113,,ibge_malha_br_setor_censitario_2022,cem_censo_2022_populacao,schemeOranges,,cn22_pop06_alf2_cor_neg_2,,cn22_pop06_alf2_tot_2,cn22_pop06_alf2_tot_2,,cem_censo_2022,2022,População e domicílios / 2022 / Alfabetização,População e domicílios,Alfabetização,Pessoas de 15 a 19 anos de idade,,Pessoas negras,Porcentagem em relação ao total de pessoas residentes de cor ou raça negra com idade de 15 a 19 anos,Cor (ou raça),"15 a 19 anos, Cor ou raça é preta ou parda",https://georedus.github.io/metadata/cem/cn22/cn22_pop06_alf2_tot_2/metadata.md,https://raw.githubusercontent.com/cem-usp/georedus_metodologia/refs/heads/main/censo/2022/cn22_pop06_alf2_tot_2.md
114,,ibge_malha_br_setor_censitario_2022,cem_censo_2022_populacao,schemeOranges,,cn22_pop06_alf2_sex_f_2,,cn22_pop06_alf2_tot_2,cn22_pop06_alf2_tot_2,,cem_censo_2022,2022,População e domicílios / 2022 / Alfabetização,População e domicílios,Alfabetização,Pessoas de 15 a 19 anos de idade,,Mulheres,Porcentagem em relação ao total de pessoas residentes do sexo feminino com idade de 15 a 19 anos,Sexo,"Sexo feminino, 15 a 19 anos",https://georedus.github.io/metadata/cem/cn22/cn22_pop06_alf2_tot_2/metadata.md,https://raw.githubusercontent.com/cem-usp/georedus_metodologia/refs/heads/main/censo/2022/cn22_pop06_alf2_tot_2.md
115,,ibge_malha_br_setor_censitario_2022,cem_censo_2022_populacao,schemeOranges,,cn22_pop06_alf2_sex_m_2,,cn22_pop06_alf2_tot_2,cn22_pop06_alf2_tot_2,,cem_censo_2022,2022,População e domicílios / 2022 / Alfabetização,População e domicílios,Alfabetização,Pessoas de 15 a 19 anos de idade,,Homens,Porcentagem em relação ao total de pessoas residentes do sexo masculino com idade de 15 a 19 anos,Sexo,"Sexo masculino, 15 a 19 anos",https://georedus.github.io/metadata/cem/cn22/cn22_pop06_alf2_tot_2/metadata.md,https://raw.githubusercontent.com/cem-usp/georedus_metodologia/refs/heads/main/censo/2022/cn22_pop06_alf2_tot_2.md
116,,ibge_malha_br_setor_censitario_2022,cem_censo_2022_populacao,schemeOranges,cn22_pop06_alf3_tot_2,cn22_pop06_alf3_tot_2,,cn22_pop06_alf3_tot_2,cn22_pop06_alf3_tot_2,,cem_censo_2022,2022,População e domicílios / 2022 / Alfabetização,População e domicílios,Alfabetização,Pessoas de 20 a 59 anos de idade,sim,Total de pessoas alfabetizadas,Porcentagem em relação ao total de pessoas residentes com idade de 20 a 59 anos,Total,20 a 59 anos,https://georedus.github.io/metadata/cem/cn22/cn22_pop06_alf3_tot_2/metadata.md,https://raw.githubusercontent.com/cem-usp/georedus_metodologia/refs/heads/main/censo/2022/cn22_pop06_alf3_tot_2.md
117,,ibge_malha_br_setor_censitario_2022,cem_censo_2022_populacao,schemeOranges,,cn22_pop06_alf3_cor_ama_2,,cn22_pop06_alf3_tot_2,cn22_pop06_alf3_tot_2,,cem_censo_2022,2022,População e domicílios / 2022 / Alfabetização,População e domicílios,Alfabetização,Pessoas de 20 a 59 anos de idade,,Pessoas amarelas,Porcentagem em relação ao total de pessoas residentes de cor ou raça amarela com idade de 20 a 59 anos,Cor (ou raça),"20 a 59, Cor ou raça é amarela",https://georedus.github.io/metadata/cem/cn22/cn22_pop06_alf3_tot_2/metadata.md,https://raw.githubusercontent.com/cem-usp/georedus_metodologia/refs/heads/main/censo/2022/cn22_pop06_alf3_tot_2.md
118,,ibge_malha_br_setor_censitario_2022,cem_censo_2022_populacao,schemeOranges,,cn22_pop06_alf3_cor_bra_2,,cn22_pop06_alf3_tot_2,cn22_pop06_alf3_tot_2,,cem_censo_2022,2022,População e domicílios / 2022 / Alfabetização,População e domicílios,Alfabetização,Pessoas de 20 a 59 anos de idade,,Pessoas brancas,Porcentagem em relação ao total de pessoas residentes de cor ou raça branca com idade de 20 a 59 anos,Cor (ou raça),"20 a 59, Cor ou raça é branca",https://georedus.github.io/metadata/cem/cn22/cn22_pop06_alf3_tot_2/metadata.md,https://raw.githubusercontent.com/cem-usp/georedus_metodologia/refs/heads/main/censo/2022/cn22_pop06_alf3_tot_2.md
119,,ibge_malha_br_setor_censitario_2022,cem_censo_2022_populacao,schemeOranges,,cn22_pop06_alf3_cor_ind_2,,cn22_pop06_alf3_tot_2,cn22_pop06_alf3_tot_2,,cem_censo_2022,2022,População e domicílios / 2022 / Alfabetização,População e domicílios,Alfabetização,Pessoas de 20 a 59 anos de idade,,Pessoas indígenas,Porcentagem em relação ao total de pessoas residentes de cor ou raça indígena com idade de 20 a 59 anos,Cor (ou raça),"20 a 59, Cor ou raça é indígena",https://georedus.github.io/metadata/cem/cn22/cn22_pop06_alf3_tot_2/metadata.md,https://raw.githubusercontent.com/cem-usp/georedus_metodologia/refs/heads/main/censo/2022/cn22_pop06_alf3_tot_2.md
120,,ibge_malha_br_setor_censitario_2022,cem_censo_2022_populacao,schemeOranges,,cn22_pop06_alf3_cor_neg_2,,cn22_pop06_alf3_tot_2,cn22_pop06_alf3_tot_2,,cem_censo_2022,2022,População e domicílios / 2022 / Alfabetização,População e domicílios,Alfabetização,Pessoas de 20 a 59 anos de idade,,Pessoas negras,Porcentagem em relação ao total de pessoas residentes de cor ou raça negra com idade de 20 a 59 anos,Cor (ou raça),"20 a 59, Cor ou raça é preta ou parda",https://georedus.github.io/metadata/cem/cn22/cn22_pop06_alf3_tot_2/metadata.md,https://raw.githubusercontent.com/cem-usp/georedus_metodologia/refs/heads/main/censo/2022/cn22_pop06_alf3_tot_2.md
121,,ibge_malha_br_setor_censitario_2022,cem_censo_2022_populacao,schemeOranges,,cn22_pop06_alf3_sex_f_2,,cn22_pop06_alf3_tot_2,cn22_pop06_alf3_tot_2,,cem_censo_2022,2022,População e domicílios / 2022 / Alfabetização,População e domicílios,Alfabetização,Pessoas de 20 a 59 anos de idade,,Mulheres,Porcentagem em relação ao total de pessoas residentes do sexo feminino com idade de 20 a 59 anos,Sexo,"Sexo feminino, 20 a 59 anos",https://georedus.github.io/metadata/cem/cn22/cn22_pop06_alf3_tot_2/metadata.md,https://raw.githubusercontent.com/cem-usp/georedus_metodologia/refs/heads/main/censo/2022/cn22_pop06_alf3_tot_2.md
122,,ibge_malha_br_setor_censitario_2022,cem_censo_2022_populacao,schemeOranges,,cn22_pop06_alf3_sex_m_2,,cn22_pop06_alf3_tot_2,cn22_pop06_alf3_tot_2,,cem_censo_2022,2022,População e domicílios / 2022 / Alfabetização,População e domicílios,Alfabetização,Pessoas de 20 a 59 anos de idade,,Homens,Porcentagem em relação ao total de pessoas residentes do sexo masculino com idade de 20 a 59 anos,Sexo,"Sexo masculino, 20 a 59 anos",https://georedus.github.io/metadata/cem/cn22/cn22_pop06_alf3_tot_2/metadata.md,https://raw.githubusercontent.com/cem-usp/georedus_metodologia/refs/heads/main/censo/2022/cn22_pop06_alf3_tot_2.md
123,,ibge_malha_br_setor_censitario_2022,cem_censo_2022_populacao,schemeOranges,cn22_pop06_alf4_tot_2,cn22_pop06_alf4_tot_2,,cn22_pop06_alf4_tot_2,cn22_pop06_alf4_tot_2,,cem_censo_2022,2022,População e domicílios / 2022 / Alfabetização,População e domicílios,Alfabetização,Pessoas de 60 ou mais anos de idade,sim,Total de pessoas alfabetizadas,Porcentagem em relação ao total de pessoas residentes com idade superior a 60 anos,Total,60 anos ou mais,https://georedus.github.io/metadata/cem/cn22/cn22_pop06_alf4_tot_2/metadata.md,https://raw.githubusercontent.com/cem-usp/georedus_metodologia/refs/heads/main/censo/2022/cn22_pop06_alf4_tot_2.md
124,,ibge_malha_br_setor_censitario_2022,cem_censo_2022_populacao,schemeOranges,,cn22_pop06_alf4_cor_ama_2,,cn22_pop06_alf4_tot_2,cn22_pop06_alf4_tot_2,,cem_censo_2022,2022,População e domicílios / 2022 / Alfabetização,População e domicílios,Alfabetização,Pessoas de 60 ou mais anos de idade,,Pessoas amarelas,Porcentagem em relação ao total de pessoas residentes de cor ou raça amarela com idade superior a 60 anos,Cor (ou raça),"60 anos ou mais, Cor ou raça é amarela",https://georedus.github.io/metadata/cem/cn22/cn22_pop06_alf4_tot_2/metadata.md,https://raw.githubusercontent.com/cem-usp/georedus_metodologia/refs/heads/main/censo/2022/cn22_pop06_alf4_tot_2.md
125,,ibge_malha_br_setor_censitario_2022,cem_censo_2022_populacao,schemeOranges,,cn22_pop06_alf4_cor_bra_2,,cn22_pop06_alf4_tot_2,cn22_pop06_alf4_tot_2,,cem_censo_2022,2022,População e domicílios / 2022 / Alfabetização,População e domicílios,Alfabetização,Pessoas de 60 ou mais anos de idade,,Pessoas brancas,Porcentagem em relação ao total de pessoas residentes de cor ou raça branca com idade superior a 60 anos,Cor (ou raça),"60 anos ou mais, Cor ou raça é branca",https://georedus.github.io/metadata/cem/cn22/cn22_pop06_alf4_tot_2/metadata.md,https://raw.githubusercontent.com/cem-usp/georedus_metodologia/refs/heads/main/censo/2022/cn22_pop06_alf4_tot_2.md
126,,ibge_malha_br_setor_censitario_2022,cem_censo_2022_populacao,schemeOranges,,cn22_pop06_alf4_cor_ind_2,,cn22_pop06_alf4_tot_2,cn22_pop06_alf4_tot_2,,cem_censo_2022,2022,População e domicílios / 2022 / Alfabetização,População e domicílios,Alfabetização,Pessoas de 60 ou mais anos de idade,,Pessoas indígenas,Porcentagem em relação ao total de pessoas residentes de cor ou raça indígena com idade superior a 60 anos,Cor (ou raça),"60 anos ou mais, Cor ou raça é indígena",https://georedus.github.io/metadata/cem/cn22/cn22_pop06_alf4_tot_2/metadata.md,https://raw.githubusercontent.com/cem-usp/georedus_metodologia/refs/heads/main/censo/2022/cn22_pop06_alf4_tot_2.md
127,,ibge_malha_br_setor_censitario_2022,cem_censo_2022_populacao,schemeOranges,,cn22_pop06_alf4_cor_neg_2,,cn22_pop06_alf4_tot_2,cn22_pop06_alf4_tot_2,,cem_censo_2022,2022,População e domicílios / 2022 / Alfabetização,População e domicílios,Alfabetização,Pessoas de 60 ou mais anos de idade,,Pessoas negras,Porcentagem em relação ao total de pessoas residentes de cor ou raça negra com idade superior a 60 anos,Cor (ou raça),"60 anos ou mais, Cor ou raça é preta ou parda",https://georedus.github.io/metadata/cem/cn22/cn22_pop06_alf4_tot_2/metadata.md,https://raw.githubusercontent.com/cem-usp/georedus_metodologia/refs/heads/main/censo/2022/cn22_pop06_alf4_tot_2.md
128,,ibge_malha_br_setor_censitario_2022,cem_censo_2022_populacao,schemeOranges,,cn22_pop06_alf4_sex_f_2,,cn22_pop06_alf4_tot_2,cn22_pop06_alf4_tot_2,,cem_censo_2022,2022,População e domicílios / 2022 / Alfabetização,População e domicílios,Alfabetização,Pessoas de 60 ou mais anos de idade,,Mulheres,Porcentagem em relação ao total de pessoas residentes do sexo feminino com idade superior a 60 anos,Sexo,"Sexo feminino, 60 ou mais anos",https://georedus.github.io/metadata/cem/cn22/cn22_pop06_alf4_tot_2/metadata.md,https://raw.githubusercontent.com/cem-usp/georedus_metodologia/refs/heads/main/censo/2022/cn22_pop06_alf4_tot_2.md
129,,ibge_malha_br_setor_censitario_2022,cem_censo_2022_populacao,schemeOranges,,cn22_pop06_alf4_sex_m_2,,cn22_pop06_alf4_tot_2,cn22_pop06_alf4_tot_2,,cem_censo_2022,2022,População e domicílios / 2022 / Alfabetização,População e domicílios,Alfabetização,Pessoas de 60 ou mais anos de idade,,Homens,Porcentagem em relação ao total de pessoas residentes do sexo masculino com idade superior a 60 anos,Sexo,"Sexo masculino, 60 ou mais anos",https://georedus.github.io/metadata/cem/cn22/cn22_pop06_alf4_tot_2/metadata.md,https://raw.githubusercontent.com/cem-usp/georedus_metodologia/refs/heads/main/censo/2022/cn22_pop06_alf4_tot_2.md
